waypoint_id,latitude,longitude,heading,speed,waypoint_type
1,40.75950626032418,-111.8875026829659,240.0,1.5,coverage
2,40.75948761872273,-111.88751650858865,240.0,1.5,coverage
3,40.75943877406879,-111.8875816355677,60.0,1.5,coverage
4,40.75953095755135,-111.88751326737805,60.0,1.5,coverage
5,40.75955565477736,-111.88752385179819,240.0,1.5,coverage
6,40.75947279209419,-111.88758530720048,240.0,1.5,coverage
7,40.75938992937869,-111.88764676245138,240.0,1.5,coverage
8,40.759341084652405,-111.88771188923968,60.0,1.5,coverage
9,40.759420840465616,-111.88765273837548,60.0,1.5,coverage
10,40.75950059624889,-111.88759358737101,60.0,1.5,coverage
11,40.7595803520022,-111.88753443622633,60.0,1.5,coverage
12,40.759605049225904,-111.88754502066243,240.0,1.5,coverage
13,40.759500779498445,-111.88762235265887,240.0,1.5,coverage
14,40.759396509719785,-111.8876996844156,240.0,1.5,coverage
15,40.75929223988994,-111.88777701593261,240.0,1.5,coverage
16,40.75924339509131,-111.88784214253018,60.0,1.5,coverage
17,40.759339982996465,-111.88777050848279,60.0,1.5,coverage
18,40.75943657085771,-111.88769887422973,60.0,1.5,coverage
19,40.75953315867504,-111.88762723977096,60.0,1.5,coverage
20,40.75962974644845,-111.88755560510653,60.0,1.5,coverage
21,40.75965444366984,-111.8875661895586,240.0,1.5,coverage
22,40.75956246506681,-111.8876344058264,240.0,1.5,coverage
23,40.75947048642398,-111.88770262190768,240.0,1.5,coverage
24,40.759378507741296,-111.88777083780244,240.0,1.5,coverage
25,40.759286529018816,-111.88783905351066,240.0,1.5,coverage
26,40.7591945502565,-111.88790726903237,240.0,1.5,coverage
27,40.759145705385514,-111.88797239543919,60.0,1.5,coverage
28,40.75923461139596,-111.88790645897143,60.0,1.5,coverage
29,40.759323517369204,-111.88784052232943,60.0,1.5,coverage
30,40.75941242330522,-111.88777458551313,60.0,1.5,coverage
31,40.75950132920404,-111.88770864852259,60.0,1.5,coverage
32,40.75959023506566,-111.88764271135776,60.0,1.5,coverage
33,40.75967914089006,-111.88757677401867,60.0,1.5,coverage
34,40.75970383810912,-111.8875873584867,240.0,1.5,coverage
35,40.75961712712521,-111.88765166802172,240.0,1.5,coverage
36,40.759530416105875,-111.88771597739097,240.0,1.5,coverage
37,40.75944370505116,-111.88778028659443,240.0,1.5,coverage
38,40.75935699396104,-111.88784459563215,240.0,1.5,coverage
39,40.75927028283555,-111.88790890450407,240.0,1.5,coverage
40,40.759183571674654,-111.88797321321024,240.0,1.5,coverage
41,40.75909686047836,-111.88803752175062,240.0,1.5,coverage
42,40.75904801553503,-111.88810264796669,60.0,1.5,coverage
43,40.75913308062823,-111.88803956039956,60.0,1.5,coverage
44,40.7592181456874,-111.88797647267292,60.0,1.5,coverage
45,40.7593032107125,-111.88791338478673,60.0,1.5,coverage
46,40.75938827570352,-111.88785029674101,60.0,1.5,coverage
47,40.7594733406605,-111.88778720853574,60.0,1.5,coverage
48,40.759558405583405,-111.88772412017094,60.0,1.5,coverage
49,40.75964347047225,-111.8876610316466,60.0,1.5,coverage
50,40.759728535327035,-111.88759794296273,60.0,1.5,coverage
51,40.7597532325438,-111.88760852744673,240.0,1.5,coverage
52,40.759669448010605,-111.88767066658144,240.0,1.5,coverage
53,40.759585663444376,-111.88773280556138,240.0,1.5,coverage
54,40.7595018788451,-111.88779494438656,240.0,1.5,coverage
55,40.759418094212776,-111.88785708305696,240.0,1.5,coverage
56,40.75933430954743,-111.88791922157257,240.0,1.5,coverage
57,40.759250524849016,-111.88798135993345,240.0,1.5,coverage
58,40.759166740117564,-111.88804349813952,240.0,1.5,coverage
59,40.75908295535307,-111.88810563619084,240.0,1.5,coverage
60,40.758999170555526,-111.88816777408738,240.0,1.5,coverage
61,40.75895032553985,-111.88823290011271,60.0,1.5,coverage
62,40.759033086106875,-111.88817152197485,60.0,1.5,coverage
63,40.75911584664168,-111.88811014368599,60.0,1.5,coverage
64,40.759198607144235,-111.88804876524611,60.0,1.5,coverage
65,40.759281367614555,-111.88798738665523,60.0,1.5,coverage
66,40.759364128052624,-111.88792600791334,60.0,1.5,coverage
67,40.75944688845846,-111.88786462902044,60.0,1.5,coverage
68,40.759529648832064,-111.88780324997653,60.0,1.5,coverage
69,40.759612409173414,-111.8877418707816,60.0,1.5,coverage
70,40.75969516948253,-111.88768049143567,60.0,1.5,coverage
71,40.759777929759395,-111.88761911193872,60.0,1.5,coverage
72,40.75980262697384,-111.8876296964387,240.0,1.5,coverage
73,40.759720704723996,-111.88769045441525,240.0,1.5,coverage
74,40.75963878244255,-111.88775121224384,240.0,1.5,coverage
75,40.75955686012952,-111.88781196992447,240.0,1.5,coverage
76,40.7594749377849,-111.88787272745714,240.0,1.5,coverage
77,40.75939301540869,-111.88793348484181,240.0,1.5,coverage
78,40.75931109300089,-111.88799424207855,240.0,1.5,coverage
79,40.75922917056148,-111.8880549991673,240.0,1.5,coverage
80,40.75914724809051,-111.88811575610809,240.0,1.5,coverage
81,40.759065325587926,-111.88817651290091,240.0,1.5,coverage
82,40.75898340305376,-111.88823726954577,240.0,1.5,coverage
83,40.758901480488,-111.88829802604268,240.0,1.5,coverage
84,40.75890287690465,-111.88832589121964,60.0,1.5,coverage
85,40.75898691773292,-111.88826356379157,60.0,1.5,coverage
86,40.75907095852794,-111.8882012362078,60.0,1.5,coverage
87,40.759154999289734,-111.88813890846833,60.0,1.5,coverage
88,40.759239040018265,-111.88807658057313,60.0,1.5,coverage
89,40.75932308071355,-111.88801425252223,60.0,1.5,coverage
90,40.759407121375595,-111.88795192431559,60.0,1.5,coverage
91,40.75949116200439,-111.88788959595324,60.0,1.5,coverage
92,40.75957520259993,-111.88782726743517,60.0,1.5,coverage
93,40.75965924316225,-111.88776493876139,60.0,1.5,coverage
94,40.7597432836913,-111.88770260993188,60.0,1.5,coverage
95,40.75982732418712,-111.88764028094664,60.0,1.5,coverage
96,40.75985202139925,-111.88765086546258,240.0,1.5,coverage
97,40.759773173420875,-111.88770934340546,240.0,1.5,coverage
98,40.75969432541325,-111.8877678212113,240.0,1.5,coverage
99,40.75961547737636,-111.88782629888003,240.0,1.5,coverage
100,40.759536629310205,-111.88788477641171,240.0,1.5,coverage
101,40.75945778121478,-111.88794325380631,240.0,1.5,coverage
102,40.75937893309008,-111.88800173106385,240.0,1.5,coverage
103,40.75930008493613,-111.8880602081843,240.0,1.5,coverage
104,40.7592212367529,-111.8881186851677,240.0,1.5,coverage
105,40.75914238854044,-111.88817716201402,240.0,1.5,coverage
106,40.75906354029868,-111.88823563872327,240.0,1.5,coverage
107,40.75898469202768,-111.88829411529547,240.0,1.5,coverage
108,40.7589058437274,-111.88835259173058,240.0,1.5,coverage
109,40.75890881054396,-111.88837929224381,60.0,1.5,coverage
110,40.75898946971791,-111.8883194728446,60.0,1.5,coverage
111,40.75907012886125,-111.88825965330196,60.0,1.5,coverage
112,40.75915078797395,-111.88819983361587,60.0,1.5,coverage
113,40.759231447056024,-111.88814001378638,60.0,1.5,coverage
114,40.75931210610748,-111.88808019381342,60.0,1.5,coverage
115,40.75939276512832,-111.88802037369705,60.0,1.5,coverage
116,40.75947342411852,-111.88796055343721,60.0,1.5,coverage
117,40.75955408307811,-111.88790073303396,60.0,1.5,coverage
118,40.75963474200708,-111.88784091248725,60.0,1.5,coverage
119,40.759715400905414,-111.88778109179711,60.0,1.5,coverage
120,40.75979605977312,-111.88772127096352,60.0,1.5,coverage
121,40.75987671861021,-111.88766144998651,60.0,1.5,coverage
122,40.759901415820025,-111.8876720345184,240.0,1.5,coverage
123,40.75981894612397,-111.88773319852989,240.0,1.5,coverage
124,40.75973647639588,-111.88779436239142,240.0,1.5,coverage
125,40.75965400663579,-111.88785552610297,240.0,1.5,coverage
126,40.75957153684367,-111.88791668966459,240.0,1.5,coverage
127,40.75948906701956,-111.88797785307625,240.0,1.5,coverage
128,40.75940659716343,-111.88803901633797,240.0,1.5,coverage
129,40.75932412727528,-111.88810017944972,240.0,1.5,coverage
130,40.759241657355105,-111.88816134241154,240.0,1.5,coverage
131,40.75915918740292,-111.8882225052234,240.0,1.5,coverage
132,40.75907671741873,-111.8882836678853,240.0,1.5,coverage
133,40.758994247402526,-111.88834483039727,240.0,1.5,coverage
134,40.7589117773543,-111.88840599275929,240.0,1.5,coverage
135,40.758914744158446,-111.88843269327704,60.0,1.5,coverage
136,40.75899902508152,-111.88837018795348,60.0,1.5,coverage
137,40.759083305971174,-111.88830768247333,60.0,1.5,coverage
138,40.75916758682739,-111.88824517683656,60.0,1.5,coverage
139,40.75925186765016,-111.88818267104318,60.0,1.5,coverage
140,40.7593361484395,-111.88812016509321,60.0,1.5,coverage
141,40.759420429195416,-111.88805765898663,60.0,1.5,coverage
142,40.759504709917884,-111.88799515272342,60.0,1.5,coverage
143,40.759588990606915,-111.88793264630363,60.0,1.5,coverage
144,40.759673271262514,-111.88787013972721,60.0,1.5,coverage
145,40.759757551884675,-111.88780763299418,60.0,1.5,coverage
146,40.7598418324734,-111.88774512610455,60.0,1.5,coverage
147,40.75992611302868,-111.88768261905828,60.0,1.5,coverage
148,40.759950810236184,-111.88769320360616,240.0,1.5,coverage
149,40.75987134123917,-111.88775214214859,240.0,1.5,coverage
150,40.759791872212446,-111.88781108055177,240.0,1.5,coverage
151,40.75971240315599,-111.88787001881572,240.0,1.5,coverage
152,40.759632934069806,-111.88792895694041,240.0,1.5,coverage
153,40.75955346495389,-111.88798789492589,240.0,1.5,coverage
154,40.75947399580824,-111.8880468327721,240.0,1.5,coverage
155,40.759394526632875,-111.88810577047909,240.0,1.5,coverage
156,40.75931505742778,-111.88816470804684,240.0,1.5,coverage
157,40.759235588192944,-111.88822364547535,240.0,1.5,coverage
158,40.75915611892841,-111.88828258276463,240.0,1.5,coverage
159,40.75907664963412,-111.88834151991466,240.0,1.5,coverage
160,40.758997180310125,-111.88840045692548,240.0,1.5,coverage
161,40.758917710956396,-111.88845939379706,240.0,1.5,coverage
162,40.75892067774812,-111.88848609431933,60.0,1.5,coverage
163,40.75900181867979,-111.88842591779355,60.0,1.5,coverage
164,40.75908295958047,-111.88836574112261,60.0,1.5,coverage
165,40.75916410045015,-111.88830556430652,60.0,1.5,coverage
166,40.759245241288845,-111.88824538734526,60.0,1.5,coverage
167,40.75932638209656,-111.88818521023887,60.0,1.5,coverage
168,40.75940752287326,-111.88812503298732,60.0,1.5,coverage
169,40.75948866361899,-111.88806485559061,60.0,1.5,coverage
170,40.75956980433373,-111.88800467804874,60.0,1.5,coverage
171,40.759650945017476,-111.88794450036171,60.0,1.5,coverage
172,40.759732085670215,-111.88788432252953,60.0,1.5,coverage
173,40.75981322629199,-111.88782414455218,60.0,1.5,coverage
174,40.75989436688274,-111.88776396642967,60.0,1.5,coverage
175,40.759975507442526,-111.88770378816201,60.0,1.5,coverage
176,40.7600002046477,-111.88771437272584,240.0,1.5,coverage
177,40.75991739252493,-111.88777579071905,240.0,1.5,coverage
178,40.75983458036987,-111.88783720856105,240.0,1.5,coverage
179,40.75975176818253,-111.88789862625185,240.0,1.5,coverage
180,40.759668955962894,-111.88796004379145,240.0,1.5,coverage
181,40.759586143711005,-111.88802146117986,240.0,1.5,coverage
182,40.759503331426814,-111.88808287841704,240.0,1.5,coverage
183,40.75942051911034,-111.88814429550305,240.0,1.5,coverage
184,40.75933770676159,-111.88820571243784,240.0,1.5,coverage
185,40.759254894380575,-111.88826712922143,240.0,1.5,coverage
186,40.75917208196726,-111.88832854585385,240.0,1.5,coverage
187,40.759089269521674,-111.88838996233505,240.0,1.5,coverage
188,40.7590064570438,-111.88845137866507,240.0,1.5,coverage
189,40.75892364453366,-111.88851279484388,240.0,1.5,coverage
190,40.75892661131299,-111.8885394953707,60.0,1.5,coverage
191,40.75901109540216,-111.88847683954002,60.0,1.5,coverage
192,40.75909557945774,-111.88841418355199,60.0,1.5,coverage
193,40.759180063479725,-111.8883515274066,60.0,1.5,coverage
194,40.75926454746811,-111.88828887110385,60.0,1.5,coverage
195,40.7593490314229,-111.88822621464374,60.0,1.5,coverage
196,40.7594335153441,-111.88816355802626,60.0,1.5,coverage
197,40.7595179992317,-111.88810090125142,60.0,1.5,coverage
198,40.7596024830857,-111.8880382443192,60.0,1.5,coverage
199,40.7596869669061,-111.88797558722963,60.0,1.5,coverage
200,40.75977145069291,-111.88791292998269,60.0,1.5,coverage
201,40.75985593444612,-111.88785027257838,60.0,1.5,coverage
202,40.75994041816573,-111.8877876150167,60.0,1.5,coverage
203,40.760024901851736,-111.88772495729765,60.0,1.5,coverage
204,40.760049599054604,-111.88773554187746,240.0,1.5,coverage
205,40.75996959775267,-111.88779487522486,240.0,1.5,coverage
206,40.759889596420635,-111.88785420843112,240.0,1.5,coverage
207,40.75980959505845,-111.88791354149629,240.0,1.5,coverage
208,40.75972959366615,-111.88797287442033,240.0,1.5,coverage
209,40.75964959224371,-111.88803220720325,240.0,1.5,coverage
210,40.75956959079115,-111.88809153984508,240.0,1.5,coverage
211,40.75948958930846,-111.88815087234579,240.0,1.5,coverage
212,40.75940958779563,-111.88821020470539,240.0,1.5,coverage
213,40.7593295862527,-111.8882695369239,240.0,1.5,coverage
214,40.75924958467964,-111.88832886900128,240.0,1.5,coverage
215,40.75916958307644,-111.88838820093756,240.0,1.5,coverage
216,40.75908958144312,-111.88844753273274,240.0,1.5,coverage
217,40.75900957977968,-111.88850686438681,240.0,1.5,coverage
218,40.75892957808611,-111.88856619589977,240.0,1.5,coverage
219,40.758932544853025,-111.8885928964311,60.0,1.5,coverage
220,40.75901409872817,-111.88853241381526,60.0,1.5,coverage
221,40.759095652572036,-111.88847193105278,60.0,1.5,coverage
222,40.759177206384585,-111.88841144814366,60.0,1.5,coverage
223,40.759258760165814,-111.8883509650879,60.0,1.5,coverage
224,40.75934031391576,-111.8882904818855,60.0,1.5,coverage
225,40.759421867634366,-111.88822999853647,60.0,1.5,coverage
226,40.759503421321696,-111.8881695150408,60.0,1.5,coverage
227,40.75958497497771,-111.8881090313985,60.0,1.5,coverage
228,40.75966652860241,-111.88804854760956,60.0,1.5,coverage
229,40.75974808219581,-111.88798806367399,60.0,1.5,coverage
230,40.7598296357579,-111.88792757959176,60.0,1.5,coverage
231,40.75991118928869,-111.8878670953629,60.0,1.5,coverage
232,40.75999274278816,-111.8878066109874,60.0,1.5,coverage
233,40.76007429625633,-111.88774612646525,60.0,1.5,coverage
234,40.76009899345688,-111.887756711061,240.0,1.5,coverage
235,40.760015887822256,-111.88781834675821,240.0,1.5,coverage
236,40.75993278215511,-111.88787998230312,240.0,1.5,coverage
237,40.75984967645548,-111.88794161769576,240.0,1.5,coverage
238,40.75976657072332,-111.88800325293612,240.0,1.5,coverage
239,40.75968346495867,-111.8880648880242,240.0,1.5,coverage
240,40.7596003591615,-111.88812652296001,240.0,1.5,coverage
241,40.7595172533318,-111.88818815774356,240.0,1.5,coverage
242,40.75943414746959,-111.88824979237482,240.0,1.5,coverage
243,40.7593510415749,-111.8883114268538,240.0,1.5,coverage
244,40.75926793564768,-111.88837306118053,240.0,1.5,coverage
245,40.75918482968796,-111.88843469535497,240.0,1.5,coverage
246,40.75910172369573,-111.88849632937716,240.0,1.5,coverage
247,40.75901861767098,-111.88855796324708,240.0,1.5,coverage
248,40.75893551161374,-111.88861959696473,240.0,1.5,coverage
249,40.75893847836826,-111.8886462975006,60.0,1.5,coverage
250,40.75901749272649,-111.88858769834172,60.0,1.5,coverage
251,40.759096507055354,-111.88852909904523,60.0,1.5,coverage
252,40.75917552135482,-111.88847049961107,60.0,1.5,coverage
253,40.759254535624905,-111.88841190003929,60.0,1.5,coverage
254,40.759333549865616,-111.88835330032983,60.0,1.5,coverage
255,40.75941256407692,-111.88829470048275,60.0,1.5,coverage
256,40.759491578258846,-111.888236100498,60.0,1.5,coverage
257,40.75957059241138,-111.88817750037563,60.0,1.5,coverage
258,40.75964960653453,-111.8881189001156,60.0,1.5,coverage
259,40.7597286206283,-111.88806029971792,60.0,1.5,coverage
260,40.75980763469266,-111.8880016991826,60.0,1.5,coverage
261,40.759886648727644,-111.88794309850961,60.0,1.5,coverage
262,40.75996566273325,-111.88788449769898,60.0,1.5,coverage
263,40.76004467670947,-111.8878258967507,60.0,1.5,coverage
264,40.760123690656286,-111.88776729566476,60.0,1.5,coverage
265,40.760148387854514,-111.8877778802765,240.0,1.5,coverage
266,40.76006792521864,-111.88783755579317,240.0,1.5,coverage
267,40.7599874625523,-111.88789723116712,240.0,1.5,coverage
268,40.75990699985549,-111.88795690639832,240.0,1.5,coverage
269,40.759826537128184,-111.88801658148675,240.0,1.5,coverage
270,40.75974607437041,-111.88807625643246,240.0,1.5,coverage
271,40.75966561158215,-111.88813593123542,240.0,1.5,coverage
272,40.759585148763435,-111.88819560589565,240.0,1.5,coverage
273,40.759504685914244,-111.88825528041312,240.0,1.5,coverage
274,40.759424223034564,-111.88831495478784,240.0,1.5,coverage
275,40.75934376012441,-111.88837462901985,240.0,1.5,coverage
276,40.75926329718379,-111.88843430310911,240.0,1.5,coverage
277,40.75918283421269,-111.88849397705562,240.0,1.5,coverage
278,40.75910237121112,-111.88855365085941,240.0,1.5,coverage
279,40.759021908179086,-111.88861332452043,240.0,1.5,coverage
280,40.75894144511656,-111.88867299803874,240.0,1.5,coverage
281,40.75894441185866,-111.88869969857915,60.0,1.5,coverage
282,40.75902632362594,-111.88863895070243,60.0,1.5,coverage
283,40.759108235361616,-111.88857820267779,60.0,1.5,coverage
284,40.75919014706572,-111.88851745450523,60.0,1.5,coverage
285,40.75927205873825,-111.88845670618475,60.0,1.5,coverage
286,40.759353970379195,-111.88839595771636,60.0,1.5,coverage
287,40.75943588198855,-111.88833520910002,60.0,1.5,coverage
288,40.75951779356633,-111.88827446033575,60.0,1.5,coverage
289,40.75959970511252,-111.88821371142356,60.0,1.5,coverage
290,40.75968161662715,-111.88815296236345,60.0,1.5,coverage
291,40.759763528110184,-111.8880922131554,60.0,1.5,coverage
292,40.75984543956163,-111.88803146379942,60.0,1.5,coverage
293,40.7599273509815,-111.88797071429552,60.0,1.5,coverage
294,40.760009262369785,-111.88790996464368,60.0,1.5,coverage
295,40.76009117372649,-111.88784921484391,60.0,1.5,coverage
296,40.76017308505161,-111.88778846489622,60.0,1.5,coverage
297,40.76019778224754,-111.8877990495239,240.0,1.5,coverage
298,40.76011442223298,-111.8878608739029,240.0,1.5,coverage
299,40.760031062185696,-111.88792269812866,240.0,1.5,coverage
300,40.759947702105706,-111.88798452220124,240.0,1.5,coverage
301,40.759864341993,-111.88804634612059,240.0,1.5,coverage
302,40.7597809818476,-111.88810816988673,240.0,1.5,coverage
303,40.75969762166949,-111.88816999349966,240.0,1.5,coverage
304,40.75961426145867,-111.88823181695939,240.0,1.5,coverage
305,40.759530901215136,-111.8882936402659,240.0,1.5,coverage
306,40.75944754093889,-111.88835546341922,240.0,1.5,coverage
307,40.759364180629944,-111.88841728641933,240.0,1.5,coverage
308,40.759280820288275,-111.88847910926623,240.0,1.5,coverage
309,40.759197459913906,-111.88854093195992,240.0,1.5,coverage
310,40.759114099506824,-111.88860275450044,240.0,1.5,coverage
311,40.75903073906705,-111.88866457688772,240.0,1.5,coverage
312,40.758947378594556,-111.88872639912181,240.0,1.5,coverage
313,40.75895034532426,-111.88875309966676,60.0,1.5,coverage
314,40.75902931052888,-111.88869453711798,60.0,1.5,coverage
315,40.75910827570416,-111.88863597443172,60.0,1.5,coverage
316,40.759187240850075,-111.888577411608,60.0,1.5,coverage
317,40.75926620596666,-111.8885188486468,60.0,1.5,coverage
318,40.75934517105389,-111.88846028554812,60.0,1.5,coverage
319,40.759424136111754,-111.88840172231197,60.0,1.5,coverage
320,40.75950310114029,-111.88834315893835,60.0,1.5,coverage
321,40.75958206613945,-111.88828459542727,60.0,1.5,coverage
322,40.75966103110927,-111.88822603177869,60.0,1.5,coverage
323,40.75973999604976,-111.88816746799263,60.0,1.5,coverage
324,40.759818960960864,-111.8881089040691,60.0,1.5,coverage
325,40.75989792584264,-111.88805034000809,60.0,1.5,coverage
326,40.759976890695064,-111.88799177580961,60.0,1.5,coverage
327,40.760055855518125,-111.88793321147364,60.0,1.5,coverage
328,40.76013482031185,-111.88787464700019,60.0,1.5,coverage
329,40.76021378507621,-111.88781608238925,60.0,1.5,coverage
330,40.7602289301428,-111.88783375142508,240.0,1.5,coverage
331,40.76014920423626,-111.88789288052544,240.0,1.5,coverage
332,40.760069478299805,-111.88795200948567,240.0,1.5,coverage
333,40.75998975233341,-111.88801113830574,240.0,1.5,coverage
334,40.7599100263371,-111.88807026698568,240.0,1.5,coverage
335,40.75983030031089,-111.88812939552547,240.0,1.5,coverage
336,40.75975057425473,-111.88818852392511,240.0,1.5,coverage
337,40.75967084816867,-111.88824765218462,240.0,1.5,coverage
338,40.75959112205269,-111.88830678030398,240.0,1.5,coverage
339,40.75951139590678,-111.8883659082832,240.0,1.5,coverage
340,40.75943166973095,-111.8884250361223,240.0,1.5,coverage
341,40.759351943525225,-111.88848416382125,240.0,1.5,coverage
342,40.75927221728956,-111.88854329138007,240.0,1.5,coverage
343,40.75919249102398,-111.88860241879874,240.0,1.5,coverage
344,40.75911276472849,-111.88866154607727,240.0,1.5,coverage
345,40.75903303840308,-111.88872067321569,240.0,1.5,coverage
346,40.75895331204775,-111.88877980021397,240.0,1.5,coverage
347,40.75895627876503,-111.88880650076344,60.0,1.5,coverage
348,40.75903676627133,-111.88874680931623,60.0,1.5,coverage
349,40.75911725374713,-111.88868711772619,60.0,1.5,coverage
350,40.75919774119242,-111.88862742599333,60.0,1.5,coverage
351,40.75927822860724,-111.88856773411764,60.0,1.5,coverage
352,40.75935871599157,-111.88850804209915,60.0,1.5,coverage
353,40.75943920334539,-111.88844834993783,60.0,1.5,coverage
354,40.759519690668725,-111.88838865763366,60.0,1.5,coverage
355,40.759600177961566,-111.88832896518669,60.0,1.5,coverage
356,40.75968066522392,-111.88826927259687,60.0,1.5,coverage
357,40.75976115245579,-111.88820957986422,60.0,1.5,coverage
358,40.75984163965715,-111.88814988698876,60.0,1.5,coverage
359,40.75992212682802,-111.88809019397046,60.0,1.5,coverage
360,40.76000261396841,-111.88803050080932,60.0,1.5,coverage
361,40.76008310107827,-111.88797080750537,60.0,1.5,coverage
362,40.760163588157674,-111.88791111405857,60.0,1.5,coverage
363,40.760244075206565,-111.88785142046893,60.0,1.5,coverage
364,40.760259220267514,-111.88786908952083,240.0,1.5,coverage
365,40.7601779720761,-111.88792934759955,240.0,1.5,coverage
366,40.760096723853614,-111.88798960553272,240.0,1.5,coverage
367,40.76001547560003,-111.88804986332036,240.0,1.5,coverage
368,40.75993422731541,-111.88811012096244,240.0,1.5,coverage
369,40.7598529789997,-111.888170378459,240.0,1.5,coverage
370,40.75977173065292,-111.88823063580999,240.0,1.5,coverage
371,40.75969048227505,-111.88829089301544,240.0,1.5,coverage
372,40.75960923386613,-111.88835115007534,240.0,1.5,coverage
373,40.75952798542614,-111.8884114069897,240.0,1.5,coverage
374,40.75944673695505,-111.88847166375854,240.0,1.5,coverage
375,40.75936548845291,-111.88853192038182,240.0,1.5,coverage
376,40.759284239919694,-111.88859217685958,240.0,1.5,coverage
377,40.75920299135541,-111.88865243319178,240.0,1.5,coverage
378,40.75912174276005,-111.88871268937844,240.0,1.5,coverage
379,40.75904049413361,-111.88877294541957,240.0,1.5,coverage
380,40.75895924547612,-111.88883320131517,240.0,1.5,coverage
381,40.758962212181,-111.88885990186917,60.0,1.5,coverage
382,40.75904422198995,-111.88879908152575,60.0,1.5,coverage
383,40.75912623176727,-111.88873826103404,60.0,1.5,coverage
384,40.75920824151292,-111.88867744039405,60.0,1.5,coverage
385,40.759290251226915,-111.8886166196058,60.0,1.5,coverage
386,40.759372260909245,-111.88855579866926,60.0,1.5,coverage
387,40.759454270559935,-111.88849497758444,60.0,1.5,coverage
388,40.75953628017897,-111.88843415635135,60.0,1.5,coverage
389,40.75961828976635,-111.88837333496998,60.0,1.5,coverage
390,40.75970029932205,-111.88831251344031,60.0,1.5,coverage
391,40.759782308846106,-111.88825169176238,60.0,1.5,coverage
392,40.7598643183385,-111.88819086993615,60.0,1.5,coverage
393,40.75994632779923,-111.88813004796164,60.0,1.5,coverage
394,40.76002833722831,-111.88806922583886,60.0,1.5,coverage
395,40.76011034662576,-111.88800840356777,60.0,1.5,coverage
396,40.76019235599152,-111.88794758114841,60.0,1.5,coverage
397,40.76027436532561,-111.88788675858075,60.0,1.5,coverage
398,40.76028951038089,-111.8879044276487,240.0,1.5,coverage
399,40.760206739903936,-111.88796581470513,240.0,1.5,coverage
400,40.76012396939471,-111.88802720161048,240.0,1.5,coverage
401,40.760041198853244,-111.8880885883648,240.0,1.5,coverage
402,40.75995842827953,-111.88814997496806,240.0,1.5,coverage
403,40.759875657673575,-111.88821136142026,240.0,1.5,coverage
404,40.75979288703536,-111.8882727477214,240.0,1.5,coverage
405,40.7597101163649,-111.88833413387152,240.0,1.5,coverage
406,40.7596273456622,-111.88839551987058,240.0,1.5,coverage
407,40.759544574927254,-111.8884569057186,240.0,1.5,coverage
408,40.75946180416004,-111.88851829141555,240.0,1.5,coverage
409,40.759379033360595,-111.88857967696147,240.0,1.5,coverage
410,40.759296262528906,-111.88864106235634,240.0,1.5,coverage
411,40.759213491664966,-111.8887024476002,240.0,1.5,coverage
412,40.75913072076878,-111.88876383269297,240.0,1.5,coverage
413,40.759047949840344,-111.88882521763473,240.0,1.5,coverage
414,40.75896517887966,-111.88888660242543,240.0,1.5,coverage
415,40.75896814557213,-111.88891330298397,60.0,1.5,coverage
416,40.75904676403199,-111.88885499782357,60.0,1.5,coverage
417,40.75912538246278,-111.88879669252692,60.0,1.5,coverage
418,40.75920400086447,-111.88873838709401,60.0,1.5,coverage
419,40.75928261923706,-111.88868008152481,60.0,1.5,coverage
420,40.75936123758056,-111.88862177581936,60.0,1.5,coverage
421,40.75943985589498,-111.88856346997763,60.0,1.5,coverage
422,40.7595184741803,-111.88850516399964,60.0,1.5,coverage
423,40.75959709243651,-111.88844685788538,60.0,1.5,coverage
424,40.75967571066366,-111.88838855163485,60.0,1.5,coverage
425,40.75975432886169,-111.88833024524803,60.0,1.5,coverage
426,40.75983294703063,-111.88827193872496,60.0,1.5,coverage
427,40.75991156517049,-111.8882136320656,60.0,1.5,coverage
428,40.75999018328126,-111.88815532526998,60.0,1.5,coverage
429,40.76006880136292,-111.88809701833807,60.0,1.5,coverage
430,40.76014741941548,-111.88803871126989,60.0,1.5,coverage
431,40.76022603743897,-111.88798040406544,60.0,1.5,coverage
432,40.760304655433345,-111.88792209672471,60.0,1.5,coverage
433,40.760319800482975,-111.88793976580874,240.0,1.5,coverage
434,40.760240466118546,-111.88799860443277,240.0,1.5,coverage
435,40.76016113172448,-111.88805744291803,240.0,1.5,coverage
436,40.760081797300785,-111.88811628126452,240.0,1.5,coverage
437,40.76000246284747,-111.88817511947222,240.0,1.5,coverage
438,40.75992312836452,-111.88823395754117,240.0,1.5,coverage
439,40.759843793851935,-111.88829279547134,240.0,1.5,coverage
440,40.75976445930975,-111.88835163326276,240.0,1.5,coverage
441,40.75968512473793,-111.88841047091539,240.0,1.5,coverage
442,40.75960579013648,-111.88846930842926,240.0,1.5,coverage
443,40.75952645550541,-111.88852814580439,240.0,1.5,coverage
444,40.75944712084471,-111.88858698304072,240.0,1.5,coverage
445,40.759367786154385,-111.8886458201383,240.0,1.5,coverage
446,40.75928845143444,-111.88870465709712,240.0,1.5,coverage
447,40.759209116684865,-111.88876349391717,240.0,1.5,coverage
448,40.75912978190567,-111.88882233059847,240.0,1.5,coverage
449,40.75905044709683,-111.888881167141,240.0,1.5,coverage
450,40.758971112258386,-111.88894000354476,240.0,1.5,coverage
451,40.75897407893846,-111.88896670410782,60.0,1.5,coverage
452,40.75905413015573,-111.88890733646119,60.0,1.5,coverage
453,40.75913418134281,-111.88884796867328,60.0,1.5,coverage
454,40.75921423249975,-111.8887886007441,60.0,1.5,coverage
455,40.759294283626524,-111.88872923267363,60.0,1.5,coverage
456,40.75937433472313,-111.88866986446189,60.0,1.5,coverage
457,40.75945438578959,-111.88861049610885,60.0,1.5,coverage
458,40.759534436825874,-111.88855112761455,60.0,1.5,coverage
459,40.75961448783199,-111.88849175897896,60.0,1.5,coverage
460,40.75969453880796,-111.88843239020208,60.0,1.5,coverage
461,40.75977458975376,-111.88837302128393,60.0,1.5,coverage
462,40.75985464066939,-111.88831365222448,60.0,1.5,coverage
463,40.75993469155487,-111.88825428302376,60.0,1.5,coverage
464,40.76001474241019,-111.88819491368174,60.0,1.5,coverage
465,40.760094793235325,-111.88813554419845,60.0,1.5,coverage
466,40.7601748440303,-111.88807617457385,60.0,1.5,coverage
467,40.76025489479511,-111.88801680480796,60.0,1.5,coverage
468,40.76033494552976,-111.8879574349008,60.0,1.5,coverage
469,40.76035009057372,-111.8879751040009,240.0,1.5,coverage
470,40.760269323468705,-111.88803500519106,240.0,1.5,coverage
471,40.760188556332984,-111.88809490623737,240.0,1.5,coverage
472,40.76010778916653,-111.88815480713986,240.0,1.5,coverage
473,40.76002702196939,-111.88821470789853,240.0,1.5,coverage
474,40.75994625474154,-111.88827460851336,240.0,1.5,coverage
475,40.75986548748298,-111.88833450898437,240.0,1.5,coverage
476,40.759784720193714,-111.88839440931154,240.0,1.5,coverage
477,40.75970395287375,-111.8884543094949,240.0,1.5,coverage
478,40.75962318552308,-111.88851420953445,240.0,1.5,coverage
479,40.7595424181417,-111.88857410943015,240.0,1.5,coverage
480,40.7594616507296,-111.88863400918204,240.0,1.5,coverage
481,40.75938088328683,-111.88869390879012,240.0,1.5,coverage
482,40.75930011581333,-111.88875380825435,240.0,1.5,coverage
483,40.759219348309124,-111.88881370757478,240.0,1.5,coverage
484,40.75913858077423,-111.8888736067514,240.0,1.5,coverage
485,40.759057813208614,-111.88893350578418,240.0,1.5,coverage
486,40.75897704561231,-111.88899340467316,240.0,1.5,coverage
487,40.75898001227997,-111.88902010524075,60.0,1.5,coverage
488,40.75906149625556,-111.88895967510994,60.0,1.5,coverage
489,40.75914298019991,-111.88889924483279,60.0,1.5,coverage
490,40.759224464113,-111.88883881440923,60.0,1.5,coverage
491,40.75930594799484,-111.8887783838393,60.0,1.5,coverage
492,40.75938743184544,-111.88871795312296,60.0,1.5,coverage
493,40.75946891566477,-111.88865752226027,60.0,1.5,coverage
494,40.75955039945286,-111.8885970912512,60.0,1.5,coverage
495,40.75963188320973,-111.88853666009571,60.0,1.5,coverage
496,40.75971336693528,-111.88847622879386,60.0,1.5,coverage
497,40.75979485062961,-111.88841579734563,60.0,1.5,coverage
498,40.759876334292706,-111.888355365751,60.0,1.5,coverage
499,40.75995781792453,-111.88829493400998,60.0,1.5,coverage
500,40.760039301525104,-111.88823450212257,60.0,1.5,coverage
501,40.760120785094436,-111.88817407008877,60.0,1.5,coverage
502,40.76020226863249,-111.88811363790859,60.0,1.5,coverage
503,40.7602837521393,-111.88805320558201,60.0,1.5,coverage
504,40.76036523561487,-111.88799277310903,60.0,1.5,coverage
505,40.76038038065319,-111.88801044222522,240.0,1.5,coverage
506,40.76029818080693,-111.88807140598085,240.0,1.5,coverage
507,40.760215980928876,-111.88813236958751,240.0,1.5,coverage
508,40.760133781019015,-111.88819333304518,240.0,1.5,coverage
509,40.760051581077335,-111.88825429635389,240.0,1.5,coverage
510,40.75996938110386,-111.8883152595136,240.0,1.5,coverage
511,40.75988718109857,-111.88837622252437,240.0,1.5,coverage
512,40.759804981061485,-111.88843718538615,240.0,1.5,coverage
513,40.7597227809926,-111.88849814809896,240.0,1.5,coverage
514,40.75964058089189,-111.8885591106628,240.0,1.5,coverage
515,40.7595583807594,-111.88862007307766,240.0,1.5,coverage
516,40.759476180595094,-111.88868103534355,240.0,1.5,coverage
517,40.75939398039899,-111.88874199746049,240.0,1.5,coverage
518,40.75931178017109,-111.88880295942843,240.0,1.5,coverage
519,40.75922957991137,-111.88886392124743,240.0,1.5,coverage
520,40.759147379619854,-111.88892488291745,240.0,1.5,coverage
521,40.75906517929654,-111.88898584443851,240.0,1.5,coverage
522,40.758982978941425,-111.88904680581061,240.0,1.5,coverage
523,40.758985945596656,-111.88907350638274,60.0,1.5,coverage
524,40.759068862331524,-111.88901201376986,60.0,1.5,coverage
525,40.75915177903405,-111.88895052100541,60.0,1.5,coverage
526,40.75923469570423,-111.8888890280894,60.0,1.5,coverage
527,40.75931761234202,-111.88882753502179,60.0,1.5,coverage
528,40.75940052894747,-111.88876604180264,60.0,1.5,coverage
529,40.75948344552055,-111.88870454843189,60.0,1.5,coverage
530,40.75956636206128,-111.88864305490955,60.0,1.5,coverage
531,40.75964927856963,-111.88858156123567,60.0,1.5,coverage
532,40.75973219504566,-111.88852006741017,60.0,1.5,coverage
533,40.75981511148929,-111.88845857343313,60.0,1.5,coverage
534,40.75989802790057,-111.88839707930448,60.0,1.5,coverage
535,40.7599809442795,-111.88833558502427,60.0,1.5,coverage
536,40.760063860626055,-111.88827409059246,60.0,1.5,coverage
537,40.76014677694025,-111.88821259600908,60.0,1.5,coverage
538,40.760229693222094,-111.8881511012741,60.0,1.5,coverage
539,40.760312609471555,-111.88808960638755,60.0,1.5,coverage
540,40.76039552568867,-111.88802811134941,60.0,1.5,coverage
541,40.76041067072131,-111.88804578048166,240.0,1.5,coverage
542,40.760331684388966,-111.88810436089949,240.0,1.5,coverage
543,40.760252698027216,-111.88816294117977,240.0,1.5,coverage
544,40.760173711636135,-111.8882215213225,240.0,1.5,coverage
545,40.760094725215666,-111.88828010132767,240.0,1.5,coverage
546,40.760015738765816,-111.8883386811953,240.0,1.5,coverage
547,40.75993675228661,-111.88839726092534,240.0,1.5,coverage
548,40.75985776577805,-111.88845584051785,240.0,1.5,coverage
549,40.75977877924012,-111.88851441997281,240.0,1.5,coverage
550,40.75969979267281,-111.8885729992902,240.0,1.5,coverage
551,40.75962080607616,-111.88863157847005,240.0,1.5,coverage
552,40.75954181945013,-111.88869015751236,240.0,1.5,coverage
553,40.75946283279474,-111.88874873641711,240.0,1.5,coverage
554,40.75938384610996,-111.88880731518432,240.0,1.5,coverage
555,40.75930485939585,-111.88886589381397,240.0,1.5,coverage
556,40.75922587265235,-111.88892447230607,240.0,1.5,coverage
557,40.759146885879495,-111.88898305066064,240.0,1.5,coverage
558,40.75906789907728,-111.88904162887765,240.0,1.5,coverage
559,40.75898891224569,-111.88910020695712,240.0,1.5,coverage
560,40.75899187888853,-111.88912690753378,60.0,1.5,coverage
561,40.759071542301456,-111.88906782772796,60.0,1.5,coverage
562,40.759151205684525,-111.88900874778223,60.0,1.5,coverage
563,40.759230869037715,-111.88894966769658,60.0,1.5,coverage
564,40.75931053236103,-111.88889058747102,60.0,1.5,coverage
565,40.7593901956545,-111.88883150710556,60.0,1.5,coverage
566,40.75946985891808,-111.88877242660017,60.0,1.5,coverage
567,40.75954952215179,-111.88871334595487,60.0,1.5,coverage
568,40.75962918535564,-111.88865426516966,60.0,1.5,coverage
569,40.759708848529606,-111.88859518424452,60.0,1.5,coverage
570,40.75978851167371,-111.88853610317948,60.0,1.5,coverage
571,40.75986817478795,-111.8884770219745,60.0,1.5,coverage
572,40.7599478378723,-111.88841794062961,60.0,1.5,coverage
573,40.76002750092678,-111.8883588591448,60.0,1.5,coverage
574,40.76010716395142,-111.88829977752006,60.0,1.5,coverage
575,40.76018682694615,-111.88824069575541,60.0,1.5,coverage
576,40.76026648991102,-111.88818161385085,60.0,1.5,coverage
577,40.76034615284602,-111.88812253180636,60.0,1.5,coverage
578,40.76042581575114,-111.88806344962194,60.0,1.5,coverage
579,40.760440960778155,-111.88808111877024,240.0,1.5,coverage
580,40.76036062130011,-111.8881407027211,240.0,1.5,coverage
581,40.76028028179169,-111.88820028652964,240.0,1.5,coverage
582,40.760199942252896,-111.88825987019587,240.0,1.5,coverage
583,40.76011960268371,-111.8883194537198,240.0,1.5,coverage
584,40.760039263084145,-111.8883790371014,240.0,1.5,coverage
585,40.75995892345419,-111.88843862034071,240.0,1.5,coverage
586,40.75987858379387,-111.8884982034377,240.0,1.5,coverage
587,40.75979824410316,-111.88855778639241,240.0,1.5,coverage
588,40.75971790438206,-111.8886173692048,240.0,1.5,coverage
589,40.75963756463058,-111.88867695187488,240.0,1.5,coverage
590,40.759557224848734,-111.88873653440267,240.0,1.5,coverage
591,40.75947688503652,-111.88879611678814,240.0,1.5,coverage
592,40.75939654519389,-111.88885569903131,240.0,1.5,coverage
593,40.75931620532091,-111.88891528113218,240.0,1.5,coverage
594,40.759235865417544,-111.88897486309077,240.0,1.5,coverage
595,40.75915552548379,-111.88903444490704,240.0,1.5,coverage
596,40.759075185519656,-111.88909402658102,240.0,1.5,coverage
597,40.75899484552516,-111.88915360811271,240.0,1.5,coverage
598,40.758997812155584,-111.8891803086939,60.0,1.5,coverage
599,40.75907882873189,-111.88912022543684,60.0,1.5,coverage
600,40.759159845277296,-111.88906014203509,60.0,1.5,coverage
601,40.759240861791824,-111.88900005848863,60.0,1.5,coverage
602,40.759321878275436,-111.88893997479747,60.0,1.5,coverage
603,40.75940289472817,-111.8888798909616,60.0,1.5,coverage
604,40.75948391115001,-111.88881980698103,60.0,1.5,coverage
605,40.75956492754096,-111.88875972285575,60.0,1.5,coverage
606,40.759645943901006,-111.88869963858575,60.0,1.5,coverage
607,40.75972696023017,-111.88863955417105,60.0,1.5,coverage
608,40.75980797652844,-111.88857946961163,60.0,1.5,coverage
609,40.7598889927958,-111.8885193849075,60.0,1.5,coverage
610,40.75997000903227,-111.88845930005866,60.0,1.5,coverage
611,40.76005102523785,-111.88839921506509,60.0,1.5,coverage
612,40.76013204141254,-111.88833912992682,60.0,1.5,coverage
613,40.76021305755633,-111.88827904464384,60.0,1.5,coverage
614,40.76029407366922,-111.88821895921615,60.0,1.5,coverage
615,40.760375089751214,-111.88815887364372,60.0,1.5,coverage
616,40.76045610580231,-111.8880987879266,60.0,1.5,coverage
617,40.760471250823656,-111.88811645709096,240.0,1.5,coverage
618,40.76038975694603,-111.88817689717361,240.0,1.5,coverage
619,40.76030826303712,-111.88823733710981,240.0,1.5,coverage
620,40.760226769096974,-111.88829777689959,240.0,1.5,coverage
621,40.760145275125566,-111.88835821654295,240.0,1.5,coverage
622,40.760063781122874,-111.88841865603987,240.0,1.5,coverage
623,40.75998228708893,-111.88847909539038,240.0,1.5,coverage
624,40.759900793023725,-111.88853953459444,240.0,1.5,coverage
625,40.759819298927276,-111.8885999736521,240.0,1.5,coverage
626,40.75973780479956,-111.88866041256333,240.0,1.5,coverage
627,40.759656310640565,-111.88872085132813,240.0,1.5,coverage
628,40.75957481645033,-111.88878128994652,240.0,1.5,coverage
629,40.759493322228835,-111.88884172841847,240.0,1.5,coverage
630,40.759411827976066,-111.888902166744,240.0,1.5,coverage
631,40.759330333692056,-111.88896260492312,240.0,1.5,coverage
632,40.759248839376774,-111.88902304295583,240.0,1.5,coverage
633,40.75916734503025,-111.88908348084209,240.0,1.5,coverage
634,40.759085850652454,-111.88914391858196,240.0,1.5,coverage
635,40.7590043562434,-111.88920435617541,240.0,1.5,coverage
636,40.75902095056939,-111.88922095024918,60.0,1.5,coverage
637,40.759102364460844,-111.88916057238099,60.0,1.5,coverage
638,40.759183778321095,-111.88910019436666,60.0,1.5,coverage
639,40.75926519215015,-111.88903981620619,60.0,1.5,coverage
640,40.75934660594799,-111.88897943789962,60.0,1.5,coverage
641,40.75942801971465,-111.88891905944689,60.0,1.5,coverage
642,40.759509433450106,-111.88885868084805,60.0,1.5,coverage
643,40.759590847154385,-111.88879830210307,60.0,1.5,coverage
644,40.759672260827436,-111.88873792321195,60.0,1.5,coverage
645,40.759753674469295,-111.88867754417471,60.0,1.5,coverage
646,40.759835088079974,-111.88861716499135,60.0,1.5,coverage
647,40.75991650165945,-111.88855678566182,60.0,1.5,coverage
648,40.75999791520771,-111.88849640618618,60.0,1.5,coverage
649,40.7600793287248,-111.88843602656439,60.0,1.5,coverage
650,40.76016074221068,-111.88837564679646,60.0,1.5,coverage
651,40.760242155665345,-111.8883152668824,60.0,1.5,coverage
652,40.760323569088804,-111.88825488682221,60.0,1.5,coverage
653,40.76040498248109,-111.88819450661587,60.0,1.5,coverage
654,40.76048639584217,-111.8881341262634,60.0,1.5,coverage
655,40.76050154085786,-111.88815179544383,240.0,1.5,coverage
656,40.760420208013365,-111.88821211606617,240.0,1.5,coverage
657,40.76033887513772,-111.88827243654265,240.0,1.5,coverage
658,40.76025754223093,-111.88833275687328,240.0,1.5,coverage
659,40.76017620929303,-111.88839307705808,240.0,1.5,coverage
660,40.76009487632397,-111.88845339709701,240.0,1.5,coverage
661,40.76001354332379,-111.8885137169901,240.0,1.5,coverage
662,40.75993221029244,-111.88857403673734,240.0,1.5,coverage
663,40.759850877229994,-111.88863435633873,240.0,1.5,coverage
664,40.75976954413639,-111.88869467579427,240.0,1.5,coverage
665,40.75968821101164,-111.88875499510397,240.0,1.5,coverage
666,40.759606877855774,-111.88881531426783,240.0,1.5,coverage
667,40.75952554466876,-111.88887563328585,240.0,1.5,coverage
668,40.75944421145063,-111.88893595215801,240.0,1.5,coverage
669,40.759362878201344,-111.88899627088435,240.0,1.5,coverage
670,40.759281544920924,-111.88905658946483,240.0,1.5,coverage
671,40.759200211609375,-111.88911690789948,240.0,1.5,coverage
672,40.759118878266705,-111.8891772261883,240.0,1.5,coverage
673,40.75903754489288,-111.88923754433125,240.0,1.5,coverage
674,40.759054139213845,-111.8892541384216,60.0,1.5,coverage
675,40.75913539207003,-111.88919388000386,60.0,1.5,coverage
676,40.75921664489512,-111.88913362144056,60.0,1.5,coverage
677,40.75929789768915,-111.88907336273171,60.0,1.5,coverage
678,40.75937915045211,-111.88901310387732,60.0,1.5,coverage
679,40.759460403184,-111.88895284487735,60.0,1.5,coverage
680,40.759541655884796,-111.88889258573185,60.0,1.5,coverage
681,40.75962290855454,-111.88883232644079,60.0,1.5,coverage
682,40.7597041611932,-111.88877206700418,60.0,1.5,coverage
683,40.75978541380079,-111.888711807422,60.0,1.5,coverage
684,40.75986666637731,-111.88865154769427,60.0,1.5,coverage
685,40.75994791892275,-111.88859128782099,60.0,1.5,coverage
686,40.760029171437125,-111.88853102780214,60.0,1.5,coverage
687,40.76011042392041,-111.88847076763774,60.0,1.5,coverage
688,40.76019167637262,-111.88841050732778,60.0,1.5,coverage
689,40.76027292879375,-111.88835024687226,60.0,1.5,coverage
690,40.76035418118382,-111.88828998627118,60.0,1.5,coverage
691,40.7604354335428,-111.88822972552452,60.0,1.5,coverage
692,40.76051668587071,-111.88816946463233,60.0,1.5,coverage
693,40.760531830880744,-111.88818713382884,240.0,1.5,coverage
694,40.76045065906944,-111.88824733499095,240.0,1.5,coverage
695,40.76036948722714,-111.88830753600776,240.0,1.5,coverage
696,40.7602883153538,-111.88836773687932,240.0,1.5,coverage
697,40.76020714344946,-111.88842793760558,240.0,1.5,coverage
698,40.760125971514114,-111.88848813818659,240.0,1.5,coverage
699,40.760044799547735,-111.88854833862233,240.0,1.5,coverage
700,40.75996362755035,-111.88860853891279,240.0,1.5,coverage
701,40.75988245552195,-111.88866873905799,240.0,1.5,coverage
702,40.759801283462544,-111.8887289390579,240.0,1.5,coverage
703,40.75972011137212,-111.88878913891257,240.0,1.5,coverage
704,40.75963893925067,-111.88884933862195,240.0,1.5,coverage
705,40.75955776709823,-111.88890953818607,240.0,1.5,coverage
706,40.759476594914766,-111.88896973760492,240.0,1.5,coverage
707,40.75939542270029,-111.88902993687852,240.0,1.5,coverage
708,40.75931425045481,-111.88909013600684,240.0,1.5,coverage
709,40.75923307817832,-111.8891503349899,240.0,1.5,coverage
710,40.75915190587081,-111.88921053382771,240.0,1.5,coverage
711,40.75907073353228,-111.88927073252025,240.0,1.5,coverage
712,40.75908732784819,-111.88928732662717,60.0,1.5,coverage
713,40.759168419669045,-111.88922718765983,60.0,1.5,coverage
714,40.75924951145894,-111.88916704854752,60.0,1.5,coverage
715,40.7593306032179,-111.88910690929023,60.0,1.5,coverage
716,40.75941169494588,-111.88904676988795,60.0,1.5,coverage
717,40.75949278664292,-111.88898663034072,60.0,1.5,coverage
718,40.75957387830903,-111.8889264906485,60.0,1.5,coverage
719,40.75965496994417,-111.88886635081131,60.0,1.5,coverage
720,40.75973606154837,-111.88880621082913,60.0,1.5,coverage
721,40.7598171531216,-111.88874607070198,60.0,1.5,coverage
722,40.759898244663894,-111.88868593042986,60.0,1.5,coverage
723,40.75997933617523,-111.88862579001272,60.0,1.5,coverage
724,40.76006042765562,-111.88856564945064,60.0,1.5,coverage
725,40.760141519105055,-111.88850550874355,60.0,1.5,coverage
726,40.760222610523535,-111.88844536789149,60.0,1.5,coverage
727,40.76030370191106,-111.88838522689444,60.0,1.5,coverage
728,40.760384793267654,-111.88832508575241,60.0,1.5,coverage
729,40.76046588459326,-111.8882649444654,60.0,1.5,coverage
730,40.760546975887934,-111.8882048030334,60.0,1.5,coverage
731,40.76056212089232,-111.88822247224599,240.0,1.5,coverage
732,40.76048111011429,-111.8882825539479,240.0,1.5,coverage
733,40.76040009930537,-111.88834263550514,240.0,1.5,coverage
734,40.76031908846557,-111.88840271691767,240.0,1.5,coverage
735,40.76023807759488,-111.8884627981855,240.0,1.5,coverage
736,40.76015706669328,-111.88852287930864,240.0,1.5,coverage
737,40.7600760557608,-111.88858296028708,240.0,1.5,coverage
738,40.75999504479742,-111.88864304112082,240.0,1.5,coverage
739,40.75991403380315,-111.88870312180987,240.0,1.5,coverage
740,40.759833022778004,-111.88876320235423,240.0,1.5,coverage
741,40.759752011721964,-111.88882328275389,240.0,1.5,coverage
742,40.75967100063504,-111.88888336300887,240.0,1.5,coverage
743,40.75958998951721,-111.88894344311915,240.0,1.5,coverage
744,40.75950897836849,-111.88900352308474,240.0,1.5,coverage
745,40.75942796718889,-111.88906360290564,240.0,1.5,coverage
746,40.7593469559784,-111.88912368258185,240.0,1.5,coverage
747,40.759265944737024,-111.88918376211338,240.0,1.5,coverage
748,40.75918493346475,-111.88924384150023,240.0,1.5,coverage
749,40.759103922161614,-111.88930392074238,240.0,1.5,coverage
750,40.75912051647249,-111.88932051486587,60.0,1.5,coverage
751,40.75920144725792,-111.88926049534889,60.0,1.5,coverage
752,40.75928237801256,-111.88920047568752,60.0,1.5,coverage
753,40.75936330873634,-111.88914045588173,60.0,1.5,coverage
754,40.75944423942932,-111.88908043593156,60.0,1.5,coverage
755,40.75952517009145,-111.88902041583698,60.0,1.5,coverage
756,40.759606100722756,-111.888960395598,60.0,1.5,coverage
757,40.75968703132325,-111.88890037521462,60.0,1.5,coverage
758,40.759767961892905,-111.88884035468683,60.0,1.5,coverage
759,40.75984889243173,-111.88878033401465,60.0,1.5,coverage
760,40.759929822939725,-111.88872031319805,60.0,1.5,coverage
761,40.76001075341689,-111.88866029223705,60.0,1.5,coverage
762,40.760091683863244,-111.88860027113164,60.0,1.5,coverage
763,40.76017261427876,-111.88854024988181,60.0,1.5,coverage
764,40.76025354466342,-111.88848022848761,60.0,1.5,coverage
765,40.760334475017295,-111.88842020694898,60.0,1.5,coverage
766,40.7604154053403,-111.88836018526592,60.0,1.5,coverage
767,40.760496335632496,-111.88830016343847,60.0,1.5,coverage
768,40.76057726589386,-111.88824014146661,60.0,1.5,coverage
769,40.76059241089258,-111.88825781069528,240.0,1.5,coverage
770,40.760511561147894,-111.88831777293709,240.0,1.5,coverage
771,40.76043071137244,-111.88837773503478,240.0,1.5,coverage
772,40.760349861566226,-111.88843769698836,240.0,1.5,coverage
773,40.76026901172924,-111.8884976587978,240.0,1.5,coverage
774,40.760188161861485,-111.88855762046313,240.0,1.5,coverage
775,40.76010731196296,-111.88861758198433,240.0,1.5,coverage
776,40.760026462033665,-111.88867754336141,240.0,1.5,coverage
777,40.75994561207361,-111.88873750459439,240.0,1.5,coverage
778,40.75986476208278,-111.88879746568323,240.0,1.5,coverage
779,40.75978391206119,-111.88885742662796,240.0,1.5,coverage
780,40.75970306200883,-111.88891738742858,240.0,1.5,coverage
781,40.7596222119257,-111.88897734808506,240.0,1.5,coverage
782,40.7595413618118,-111.88903730859745,240.0,1.5,coverage
783,40.75946051166714,-111.88909726896573,240.0,1.5,coverage
784,40.75937966149172,-111.88915722918986,240.0,1.5,coverage
785,40.75929881128553,-111.8892171892699,240.0,1.5,coverage
786,40.75921796104858,-111.88927714920584,240.0,1.5,coverage
787,40.759137110780856,-111.88933710899767,240.0,1.5,coverage
788,40.75915370508668,-111.88935370313772,60.0,1.5,coverage
789,40.75923447483667,-111.88929380307106,60.0,1.5,coverage
790,40.75931524455595,-111.88923390286057,60.0,1.5,coverage
791,40.75939601424452,-111.88917400250625,60.0,1.5,coverage
792,40.75947678390239,-111.88911410200812,60.0,1.5,coverage
793,40.75955755352955,-111.88905420136615,60.0,1.5,coverage
794,40.75963832312602,-111.88899430058035,60.0,1.5,coverage
795,40.75971909269176,-111.88893439965072,60.0,1.5,coverage
796,40.75979986222682,-111.88887449857728,60.0,1.5,coverage
797,40.75988063173116,-111.88881459736,60.0,1.5,coverage
798,40.7599614012048,-111.88875469599888,60.0,1.5,coverage
799,40.760042170647736,-111.88869479449393,60.0,1.5,coverage
800,40.76012294005995,-111.88863489284516,60.0,1.5,coverage
801,40.76020370944147,-111.88857499105255,60.0,1.5,coverage
802,40.76028447879228,-111.88851508911611,60.0,1.5,coverage
803,40.760365248112386,-111.88845518703582,60.0,1.5,coverage
804,40.7604460174018,-111.88839528481171,60.0,1.5,coverage
805,40.76052678666048,-111.88833538244376,60.0,1.5,coverage
806,40.760607555888456,-111.88827547993198,60.0,1.5,coverage
807,40.76062270088152,-111.88829314917669,240.0,1.5,coverage
808,40.76054201217027,-111.88835299195847,240.0,1.5,coverage
809,40.76046132342835,-111.8884128345967,240.0,1.5,coverage
810,40.76038063465579,-111.88847267709139,240.0,1.5,coverage
811,40.76029994585258,-111.8885325194425,240.0,1.5,coverage
812,40.76021925701873,-111.88859236165007,240.0,1.5,coverage
813,40.76013856815425,-111.8886522037141,240.0,1.5,coverage
814,40.760057879259094,-111.88871204563459,240.0,1.5,coverage
815,40.7599771903333,-111.88877188741154,240.0,1.5,coverage
816,40.75989650137687,-111.88883172904494,240.0,1.5,coverage
817,40.7598158123898,-111.88889157053477,240.0,1.5,coverage
818,40.75973512337209,-111.88895141188108,240.0,1.5,coverage
819,40.75965443432372,-111.88901125308384,240.0,1.5,coverage
820,40.75957374524471,-111.88907109414308,240.0,1.5,coverage
821,40.75949305613505,-111.88913093505874,240.0,1.5,coverage
822,40.75941236699476,-111.88919077583088,240.0,1.5,coverage
823,40.759331677823816,-111.88925061645948,240.0,1.5,coverage
824,40.759250988622235,-111.88931045694454,240.0,1.5,coverage
825,40.759170299390014,-111.88937029728606,240.0,1.5,coverage
826,40.75918689369082,-111.88938689144271,60.0,1.5,coverage
827,40.759267502405265,-111.88932711082631,60.0,1.5,coverage
828,40.75934811108914,-111.88926733006667,60.0,1.5,coverage
829,40.75942871974241,-111.88920754916376,60.0,1.5,coverage
830,40.75950932836512,-111.88914776811762,60.0,1.5,coverage
831,40.75958993695724,-111.88908798692822,60.0,1.5,coverage
832,40.75967054551879,-111.88902820559555,60.0,1.5,coverage
833,40.759751154049745,-111.88896842411964,60.0,1.5,coverage
834,40.75983176255012,-111.88890864250047,60.0,1.5,coverage
835,40.75991237101992,-111.88884886073802,60.0,1.5,coverage
836,40.75999297945912,-111.88878907883235,60.0,1.5,coverage
837,40.760073587867744,-111.8887292967834,60.0,1.5,coverage
838,40.760154196245786,-111.8886695145912,60.0,1.5,coverage
839,40.760234804593246,-111.88860973225573,60.0,1.5,coverage
840,40.76031541291011,-111.888549949777,60.0,1.5,coverage
841,40.7603960211964,-111.88849016715501,60.0,1.5,coverage
842,40.7604766294521,-111.88843038438975,60.0,1.5,coverage
843,40.760557237677226,-111.88837060148124,60.0,1.5,coverage
844,40.76063784587174,-111.88831081842946,60.0,1.5,coverage
845,40.76065299085914,-111.88832848769027,240.0,1.5,coverage
846,40.760572463181376,-111.88838821101207,240.0,1.5,coverage
847,40.76049193547307,-111.88844793419088,240.0,1.5,coverage
848,40.76041140773423,-111.88850765722673,240.0,1.5,coverage
849,40.76033087996489,-111.8885673801196,240.0,1.5,coverage
850,40.76025035216501,-111.88862710286948,240.0,1.5,coverage
851,40.76016982433462,-111.88868682547641,240.0,1.5,coverage
852,40.7600892964737,-111.88874654794036,240.0,1.5,coverage
853,40.76000876858225,-111.88880627026133,240.0,1.5,coverage
854,40.75992824066028,-111.8888659924393,240.0,1.5,coverage
855,40.75984771270779,-111.88892571447433,240.0,1.5,coverage
856,40.75976718472478,-111.88898543636638,240.0,1.5,coverage
857,40.75968665671124,-111.88904515811548,240.0,1.5,coverage
858,40.759606128667194,-111.88910487972159,240.0,1.5,coverage
859,40.75952560059262,-111.88916460118473,240.0,1.5,coverage
860,40.75944507248751,-111.8892243225049,240.0,1.5,coverage
861,40.7593645443519,-111.88928404368211,240.0,1.5,coverage
862,40.75928401618575,-111.88934376471636,240.0,1.5,coverage
863,40.75920348798911,-111.88940348560763,240.0,1.5,coverage
864,40.75922008228486,-111.88942007978083,60.0,1.5,coverage
865,40.75930052996372,-111.88936041861467,60.0,1.5,coverage
866,40.75938097761211,-111.88930075730582,60.0,1.5,coverage
867,40.75946142523004,-111.88924109585429,60.0,1.5,coverage
868,40.75954187281753,-111.88918143426008,60.0,1.5,coverage
869,40.75962232037453,-111.88912177252318,60.0,1.5,coverage
870,40.75970276790109,-111.88906211064361,60.0,1.5,coverage
871,40.759783215397185,-111.88900244862134,60.0,1.5,coverage
872,40.75986366286283,-111.8889427864564,60.0,1.5,coverage
873,40.75994411029798,-111.88888312414876,60.0,1.5,coverage
874,40.760024557702685,-111.88882346169844,60.0,1.5,coverage
875,40.76010500507693,-111.88876379910543,60.0,1.5,coverage
876,40.76018545242073,-111.88870413636974,60.0,1.5,coverage
877,40.760265899734044,-111.88864447349135,60.0,1.5,coverage
878,40.760346347016906,-111.88858481047029,60.0,1.5,coverage
879,40.7604267942693,-111.88852514730654,60.0,1.5,coverage
880,40.76050724149124,-111.88846548400008,60.0,1.5,coverage
881,40.76058768868271,-111.88840582055094,60.0,1.5,coverage
882,40.76066813584373,-111.8883461569591,60.0,1.5,coverage
883,40.760683280825475,-111.88836382623597,240.0,1.5,coverage
884,40.760602914181256,-111.88842343009786,240.0,1.5,coverage
885,40.76052254750664,-111.88848303381734,240.0,1.5,coverage
886,40.7604421808016,-111.88854263739441,240.0,1.5,coverage
887,40.76036181406617,-111.88860224082909,240.0,1.5,coverage
888,40.76028144730034,-111.88866184412134,240.0,1.5,coverage
889,40.760201080504096,-111.88872144727121,240.0,1.5,coverage
890,40.76012071367748,-111.88878105027867,240.0,1.5,coverage
891,40.760040346820446,-111.88884065314373,240.0,1.5,coverage
892,40.75995997993301,-111.88890025586639,240.0,1.5,coverage
893,40.75987961301517,-111.88895985844664,240.0,1.5,coverage
894,40.75979924606693,-111.88901946088448,240.0,1.5,coverage
895,40.759718879088304,-111.88907906317995,240.0,1.5,coverage
896,40.75963851207927,-111.889138665333,240.0,1.5,coverage
897,40.75955814503982,-111.88919826734366,240.0,1.5,coverage
898,40.75947777797,-111.88925786921192,240.0,1.5,coverage
899,40.759397410869774,-111.88931747093778,240.0,1.5,coverage
900,40.75931704373914,-111.88937707252126,240.0,1.5,coverage
901,40.7592366765781,-111.88943667396234,240.0,1.5,coverage
902,40.75925327086884,-111.88945326815211,60.0,1.5,coverage
903,40.75933355751202,-111.88939372643613,60.0,1.5,coverage
904,40.75941384412488,-111.88933418457802,60.0,1.5,coverage
905,40.75949413070738,-111.8892746425778,60.0,1.5,coverage
906,40.759574417259564,-111.88921510043548,60.0,1.5,coverage
907,40.7596547037814,-111.88915555815105,60.0,1.5,coverage
908,40.75973499027291,-111.88909601572449,60.0,1.5,coverage
909,40.75981527673406,-111.88903647315584,60.0,1.5,coverage
910,40.75989556316487,-111.88897693044505,60.0,1.5,coverage
911,40.759975849565365,-111.88891738759219,60.0,1.5,coverage
912,40.7600561359355,-111.88885784459717,60.0,1.5,coverage
913,40.76013642227531,-111.88879830146006,60.0,1.5,coverage
914,40.76021670858477,-111.8887387581808,60.0,1.5,coverage
915,40.760296994863886,-111.88867921475945,60.0,1.5,coverage
916,40.760377281112675,-111.88861967119597,60.0,1.5,coverage
917,40.760457567331116,-111.88856012749038,60.0,1.5,coverage
918,40.76053785351921,-111.88850058364267,60.0,1.5,coverage
919,40.76061813967698,-111.88844103965283,60.0,1.5,coverage
920,40.760698425804385,-111.88838149552087,60.0,1.5,coverage
921,40.760713570780474,-111.88839916481382,240.0,1.5,coverage
922,40.76063336516988,-111.88845864921586,240.0,1.5,coverage
923,40.760553159529,-111.88851813347607,240.0,1.5,coverage
924,40.76047295385785,-111.88857761759444,240.0,1.5,coverage
925,40.76039274815642,-111.88863710157096,240.0,1.5,coverage
926,40.7603125424247,-111.88869658540567,240.0,1.5,coverage
927,40.76023233666269,-111.88875606909853,240.0,1.5,coverage
928,40.76015213087044,-111.88881555264958,240.0,1.5,coverage
929,40.76007192504787,-111.88887503605876,240.0,1.5,coverage
930,40.75999171919504,-111.88893451932614,240.0,1.5,coverage
931,40.75991151331193,-111.88899400245168,240.0,1.5,coverage
932,40.759831307398535,-111.88905348543538,240.0,1.5,coverage
933,40.75975110145487,-111.88911296827726,240.0,1.5,coverage
934,40.75967089548092,-111.88917245097731,240.0,1.5,coverage
935,40.759590689476696,-111.88923193353554,240.0,1.5,coverage
936,40.7595104834422,-111.88929141595194,240.0,1.5,coverage
937,40.75943027737742,-111.88935089822651,240.0,1.5,coverage
938,40.75935007128236,-111.88941038035927,240.0,1.5,coverage
939,40.75926986515704,-111.88946986235018,240.0,1.5,coverage
940,40.75928645944273,-111.88948645655653,60.0,1.5,coverage
941,40.75936658505019,-111.88942703429066,60.0,1.5,coverage
942,40.75944671062743,-111.88936761188327,60.0,1.5,coverage
943,40.759526836174444,-111.88930818933432,60.0,1.5,coverage
944,40.759606961691254,-111.88924876664385,60.0,1.5,coverage
945,40.75968708717785,-111.88918934381182,60.0,1.5,coverage
946,40.75976721263422,-111.88912992083826,60.0,1.5,coverage
947,40.75984733806039,-111.88907049772313,60.0,1.5,coverage
948,40.759927463456336,-111.88901107446648,60.0,1.5,coverage
949,40.760007588822056,-111.88895165106828,60.0,1.5,coverage
950,40.76008771415756,-111.88889222752853,60.0,1.5,coverage
951,40.76016783946285,-111.88883280384724,60.0,1.5,coverage
952,40.760247964737914,-111.8887733800244,60.0,1.5,coverage
953,40.76032808998276,-111.88871395606,60.0,1.5,coverage
954,40.76040821519741,-111.88865453195406,60.0,1.5,coverage
955,40.76048834038181,-111.88859510770658,60.0,1.5,coverage
956,40.760568465536004,-111.88853568331753,60.0,1.5,coverage
957,40.76064859065999,-111.88847625878692,60.0,1.5,coverage
958,40.76072871575373,-111.88841683411479,60.0,1.5,coverage
959,40.760743860724176,-111.8884345034238,240.0,1.5,coverage
960,40.760663816147265,-111.88849386836607,240.0,1.5,coverage
961,40.76058377154022,-111.88855323316706,240.0,1.5,coverage
962,40.760503726903,-111.88861259782678,240.0,1.5,coverage
963,40.760423682235626,-111.88867196234526,240.0,1.5,coverage
964,40.76034363753811,-111.88873132672245,240.0,1.5,coverage
965,40.76026359281041,-111.88879069095837,240.0,1.5,coverage
966,40.76018354805256,-111.88885005505304,240.0,1.5,coverage
967,40.76010350326456,-111.88890941900645,240.0,1.5,coverage
968,40.7600234584464,-111.8889687828186,240.0,1.5,coverage
969,40.75994341359808,-111.88902814648947,240.0,1.5,coverage
970,40.75986336871961,-111.88908751001908,240.0,1.5,coverage
971,40.759783323810964,-111.88914687340744,240.0,1.5,coverage
972,40.75970327887217,-111.88920623665454,240.0,1.5,coverage
973,40.75962323390322,-111.88926559976038,240.0,1.5,coverage
974,40.75954318890413,-111.88932496272496,240.0,1.5,coverage
975,40.75946314387487,-111.88938432554829,240.0,1.5,coverage
976,40.75938309881546,-111.88944368823036,240.0,1.5,coverage
977,40.75930305372589,-111.88950305077117,240.0,1.5,coverage
978,40.759319648006546,-111.8895196449941,60.0,1.5,coverage
979,40.75939961257819,-111.88946034217831,60.0,1.5,coverage
980,40.75947957711976,-111.88940103922157,60.0,1.5,coverage
981,40.75955954163125,-111.88934173612385,60.0,1.5,coverage
982,40.759639506112606,-111.88928243288515,60.0,1.5,coverage
983,40.7597194705639,-111.88922312950548,60.0,1.5,coverage
984,40.75979943498508,-111.88916382598485,60.0,1.5,coverage
985,40.759879399376175,-111.88910452232322,60.0,1.5,coverage
986,40.75995936373716,-111.88904521852064,60.0,1.5,coverage
987,40.76003932806806,-111.88898591457706,60.0,1.5,coverage
988,40.76011929236887,-111.88892661049252,60.0,1.5,coverage
989,40.760199256639574,-111.88886730626699,60.0,1.5,coverage
990,40.760279220880186,-111.88880800190049,60.0,1.5,coverage
991,40.760359185090685,-111.88874869739301,60.0,1.5,coverage
992,40.7604391492711,-111.88868939274454,60.0,1.5,coverage
993,40.76051911342142,-111.8886300879551,60.0,1.5,coverage
994,40.760599077541634,-111.88857078302466,60.0,1.5,coverage
995,40.76067904163175,-111.88851147795324,60.0,1.5,coverage
996,40.76075900569178,-111.88845217274084,60.0,1.5,coverage
997,40.76077415065656,-111.88846984206593,240.0,1.5,coverage
998,40.76069426711342,-111.88852908754848,240.0,1.5,coverage
999,40.76061438354026,-111.88858833289032,240.0,1.5,coverage
1000,40.76053449993705,-111.88864757809148,240.0,1.5,coverage
1001,40.76045461630381,-111.88870682315192,240.0,1.5,coverage
1002,40.76037473264053,-111.88876606807167,240.0,1.5,coverage
1003,40.760294848947225,-111.88882531285073,240.0,1.5,coverage
1004,40.76021496522387,-111.88888455748909,240.0,1.5,coverage
1005,40.76013508147047,-111.88894380198676,240.0,1.5,coverage
1006,40.76005519768706,-111.88900304634372,240.0,1.5,coverage
1007,40.75997531387359,-111.88906229055999,240.0,1.5,coverage
1008,40.7598954300301,-111.88912153463558,240.0,1.5,coverage
1009,40.759815546156574,-111.88918077857046,240.0,1.5,coverage
1010,40.75973566225301,-111.88924002236466,240.0,1.5,coverage
1011,40.759655778319406,-111.88929926601817,240.0,1.5,coverage
1012,40.75957589435577,-111.88935850953098,240.0,1.5,coverage
1013,40.7594960103621,-111.8894177529031,240.0,1.5,coverage
1014,40.759416126338394,-111.88947699613453,240.0,1.5,coverage
1015,40.75933624228467,-111.8895362392253,240.0,1.5,coverage
1016,40.759352836560275,-111.88955283346478,60.0,1.5,coverage
1017,40.75943264009608,-111.88949365009904,60.0,1.5,coverage
1018,40.75951244360188,-111.8894344665929,60.0,1.5,coverage
1019,40.75959224707774,-111.88937528294636,60.0,1.5,coverage
1020,40.75967205052362,-111.88931609915942,60.0,1.5,coverage
1021,40.75975185393953,-111.88925691523207,60.0,1.5,coverage
1022,40.75983165732545,-111.8891977311643,60.0,1.5,coverage
1023,40.759911460681394,-111.88913854695612,60.0,1.5,coverage
1024,40.759991264007375,-111.88907936260755,60.0,1.5,coverage
1025,40.76007106730337,-111.88902017811854,60.0,1.5,coverage
1026,40.760150870569404,-111.88896099348914,60.0,1.5,coverage
1027,40.76023067380547,-111.88890180871933,60.0,1.5,coverage
1028,40.760310477011544,-111.8888426238091,60.0,1.5,coverage
1029,40.760390280187636,-111.88878343875847,60.0,1.5,coverage
1030,40.760470083333765,-111.88872425356742,60.0,1.5,coverage
1031,40.760549886449915,-111.88866506823594,60.0,1.5,coverage
1032,40.76062968953609,-111.88860588276407,60.0,1.5,coverage
1033,40.76070949259228,-111.88854669715177,60.0,1.5,coverage
1034,40.760789295618494,-111.88848751139905,60.0,1.5,coverage
1035,40.76079673035627,-111.88851089901591,240.0,1.5,coverage
1036,40.760717436189886,-111.88856970734405,240.0,1.5,coverage
1037,40.7606381419939,-111.88862851553357,240.0,1.5,coverage
1038,40.76055884776833,-111.88868732358446,240.0,1.5,coverage
1039,40.76047955351316,-111.88874613149672,240.0,1.5,coverage
1040,40.76040025922839,-111.88880493927034,240.0,1.5,coverage
1041,40.76032096491402,-111.88886374690534,240.0,1.5,coverage
1042,40.760241670570075,-111.88892255440172,240.0,1.5,coverage
1043,40.76016237619652,-111.88898136175946,240.0,1.5,coverage
1044,40.760083081793375,-111.88904016897858,240.0,1.5,coverage
1045,40.760003787360645,-111.88909897605907,240.0,1.5,coverage
1046,40.759924492898314,-111.88915778300094,240.0,1.5,coverage
1047,40.75984519840638,-111.88921658980418,240.0,1.5,coverage
1048,40.75976590388486,-111.88927539646879,240.0,1.5,coverage
1049,40.75968660933375,-111.88933420299479,240.0,1.5,coverage
1050,40.75960731475303,-111.88939300938218,240.0,1.5,coverage
1051,40.759528020142746,-111.88945181563092,240.0,1.5,coverage
1052,40.75944872550284,-111.88951062174105,240.0,1.5,coverage
1053,40.75936943083337,-111.88956942771257,240.0,1.5,coverage
1054,40.75938602510393,-111.88958602196863,60.0,1.5,coverage
1055,40.759468352056395,-111.88952496722504,60.0,1.5,coverage
1056,40.75955067897699,-111.889463912332,60.0,1.5,coverage
1057,40.75963300586566,-111.88940285728955,60.0,1.5,coverage
1058,40.75971533272243,-111.88934180209769,60.0,1.5,coverage
1059,40.75979765954731,-111.8892807467564,60.0,1.5,coverage
1060,40.75987998634029,-111.88921969126567,60.0,1.5,coverage
1061,40.75996231310136,-111.8891586356255,60.0,1.5,coverage
1062,40.76004463983054,-111.88909757983592,60.0,1.5,coverage
1063,40.76012696652783,-111.8890365238969,60.0,1.5,coverage
1064,40.76020929319319,-111.88897546780845,60.0,1.5,coverage
1065,40.76029161982666,-111.88891441157058,60.0,1.5,coverage
1066,40.760373946428246,-111.88885335518327,60.0,1.5,coverage
1067,40.760456272997914,-111.88879229864652,60.0,1.5,coverage
1068,40.76053859953568,-111.88873124196034,60.0,1.5,coverage
1069,40.76062092604154,-111.88867018512472,60.0,1.5,coverage
1070,40.76070325251551,-111.88860912813968,60.0,1.5,coverage
1071,40.760785578957574,-111.88854807100519,60.0,1.5,coverage
1072,40.760774427547005,-111.88858524298186,240.0,1.5,coverage
1073,40.760693733193655,-111.88864508961575,240.0,1.5,coverage
1074,40.76061303880966,-111.88870493610607,240.0,1.5,coverage
1075,40.76053234439503,-111.88876478245282,240.0,1.5,coverage
1076,40.76045164994974,-111.888824628656,240.0,1.5,coverage
1077,40.760370955473796,-111.88888447471562,240.0,1.5,coverage
1078,40.76029026096721,-111.88894432063167,240.0,1.5,coverage
1079,40.760209566429985,-111.88900416640415,240.0,1.5,coverage
1080,40.7601288718621,-111.88906401203307,240.0,1.5,coverage
1081,40.76004817726356,-111.88912385751841,240.0,1.5,coverage
1082,40.75996748263437,-111.88918370286021,240.0,1.5,coverage
1083,40.75988678797455,-111.88924354805842,240.0,1.5,coverage
1084,40.759806093284084,-111.8893033931131,240.0,1.5,coverage
1085,40.75972539856295,-111.88936323802419,240.0,1.5,coverage
1086,40.75964470381118,-111.88942308279172,240.0,1.5,coverage
1087,40.75956400902877,-111.8894829274157,240.0,1.5,coverage
1088,40.75948331421569,-111.88954277189613,240.0,1.5,coverage
1089,40.75940261937199,-111.88960261623298,240.0,1.5,coverage
1090,40.75941921363751,-111.88961921050561,60.0,1.5,coverage
1091,40.759498276372106,-111.8895605765752,60.0,1.5,coverage
1092,40.7595773390773,-111.88950194250698,60.0,1.5,coverage
1093,40.75965640175307,-111.88944330830094,60.0,1.5,coverage
1094,40.75973546439939,-111.8893846739571,60.0,1.5,coverage
1095,40.75981452701632,-111.88932603947545,60.0,1.5,coverage
1096,40.75989358960381,-111.88926740485597,60.0,1.5,coverage
1097,40.75997265216191,-111.88920877009869,60.0,1.5,coverage
1098,40.76005171469057,-111.8891501352036,60.0,1.5,coverage
1099,40.76013077718982,-111.88909150017068,60.0,1.5,coverage
1100,40.76020983965963,-111.88903286499995,60.0,1.5,coverage
1101,40.76028890210003,-111.8889742296914,60.0,1.5,coverage
1102,40.76036796451102,-111.88891559424503,60.0,1.5,coverage
1103,40.76044702689256,-111.88885695866085,60.0,1.5,coverage
1104,40.760526089244685,-111.88879832293884,60.0,1.5,coverage
1105,40.76060515156739,-111.88873968707904,60.0,1.5,coverage
1106,40.76068421386069,-111.88868105108139,60.0,1.5,coverage
1107,40.76076327612456,-111.88862241494593,60.0,1.5,coverage
1108,40.76075212469025,-111.88865958689738,240.0,1.5,coverage
1109,40.76066985512982,-111.88872060163465,240.0,1.5,coverage
1110,40.76058758553752,-111.88878161622267,240.0,1.5,coverage
1111,40.76050531591338,-111.88884263066149,240.0,1.5,coverage
1112,40.76042304625737,-111.88890364495107,240.0,1.5,coverage
1113,40.76034077656952,-111.88896465909143,240.0,1.5,coverage
1114,40.760258506849794,-111.88902567308254,240.0,1.5,coverage
1115,40.76017623709822,-111.88908668692444,240.0,1.5,coverage
1116,40.76009396731479,-111.88914770061713,240.0,1.5,coverage
1117,40.76001169749951,-111.88920871416057,240.0,1.5,coverage
1118,40.759929427652345,-111.8892697275548,240.0,1.5,coverage
1119,40.75984715777335,-111.8893307407998,240.0,1.5,coverage
1120,40.759764887862495,-111.8893917538956,240.0,1.5,coverage
1121,40.75968261791979,-111.88945276684215,240.0,1.5,coverage
1122,40.75960034794522,-111.8895137796395,240.0,1.5,coverage
1123,40.75951807793881,-111.88957479228763,240.0,1.5,coverage
1124,40.75943580790052,-111.88963580478655,240.0,1.5,coverage
1125,40.759452402161,-111.88965239907574,60.0,1.5,coverage
1126,40.75953293808265,-111.88959267263326,60.0,1.5,coverage
1127,40.75961347397377,-111.88953294604778,60.0,1.5,coverage
1128,40.75969400983436,-111.8894732193193,60.0,1.5,coverage
1129,40.75977454566442,-111.88941349244782,60.0,1.5,coverage
1130,40.75985508146397,-111.88935376543336,60.0,1.5,coverage
1131,40.75993561723297,-111.88929403827588,60.0,1.5,coverage
1132,40.76001615297146,-111.88923431097543,60.0,1.5,coverage
1133,40.760096688679425,-111.88917458353195,60.0,1.5,coverage
1134,40.76017722435685,-111.88911485594551,60.0,1.5,coverage
1135,40.76025776000375,-111.88905512821604,60.0,1.5,coverage
1136,40.76033829562013,-111.88899540034357,60.0,1.5,coverage
1137,40.76041883120598,-111.88893567232812,60.0,1.5,coverage
1138,40.76049936676129,-111.88887594416964,60.0,1.5,coverage
1139,40.760579902286075,-111.88881621586818,60.0,1.5,coverage
1140,40.760660437780345,-111.88875648742369,60.0,1.5,coverage
1141,40.760740973244076,-111.88869675883622,60.0,1.5,coverage
1142,40.76072982178605,-111.88873393076246,240.0,1.5,coverage
1143,40.76065102041979,-111.88879237320245,240.0,1.5,coverage
1144,40.76057221902435,-111.88885081550553,240.0,1.5,coverage
1145,40.760493417599655,-111.88890925767171,240.0,1.5,coverage
1146,40.76041461614573,-111.88896769970096,240.0,1.5,coverage
1147,40.76033581466259,-111.88902614159329,240.0,1.5,coverage
1148,40.760257013150195,-111.88908458334875,240.0,1.5,coverage
1149,40.76017821160861,-111.88914302496725,240.0,1.5,coverage
1150,40.76009941003777,-111.88920146644888,240.0,1.5,coverage
1151,40.76002060843771,-111.8892599077936,240.0,1.5,coverage
1152,40.759941806808435,-111.8893183490014,240.0,1.5,coverage
1153,40.75986300514993,-111.8893767900723,240.0,1.5,coverage
1154,40.75978420346219,-111.8894352310063,240.0,1.5,coverage
1155,40.75970540174523,-111.8894936718034,240.0,1.5,coverage
1156,40.75962659999903,-111.88955211246358,240.0,1.5,coverage
1157,40.759547798223636,-111.88961055298685,240.0,1.5,coverage
1158,40.75946899641899,-111.88966899337323,240.0,1.5,coverage
1159,40.75948559067443,-111.88968558767903,60.0,1.5,coverage
1160,40.75956779620652,-111.88962462305508,60.0,1.5,coverage
1161,40.7596500017068,-111.88956365828214,60.0,1.5,coverage
1162,40.759732207175276,-111.88950269336023,60.0,1.5,coverage
1163,40.75981441261195,-111.88944172828933,60.0,1.5,coverage
1164,40.75989661801682,-111.88938076306944,60.0,1.5,coverage
1165,40.75997882338988,-111.88931979770057,60.0,1.5,coverage
1166,40.76006102873113,-111.88925883218269,60.0,1.5,coverage
1167,40.76014323404058,-111.88919786651584,60.0,1.5,coverage
1168,40.76022543931823,-111.8891369007,60.0,1.5,coverage
1169,40.76030764456406,-111.88907593473516,60.0,1.5,coverage
1170,40.760389849778086,-111.88901496862134,60.0,1.5,coverage
1171,40.76047205496032,-111.88895400235852,60.0,1.5,coverage
1172,40.76055426011073,-111.88889303594671,60.0,1.5,coverage
1173,40.76063646522934,-111.8888320693859,60.0,1.5,coverage
1174,40.76071867031613,-111.88877110267609,60.0,1.5,coverage
1175,40.76070751883436,-111.88880827457712,240.0,1.5,coverage
1176,40.76062716345331,-111.8888678694014,240.0,1.5,coverage
1177,40.76054680804185,-111.88892746408328,240.0,1.5,coverage
1178,40.7604664526,-111.88898705862282,240.0,1.5,coverage
1179,40.76038609712778,-111.88904665301997,240.0,1.5,coverage
1180,40.760305741625146,-111.8891062472748,240.0,1.5,coverage
1181,40.76022538609212,-111.88916584138724,240.0,1.5,coverage
1182,40.76014503052871,-111.88922543535732,240.0,1.5,coverage
1183,40.76006467493491,-111.88928502918505,240.0,1.5,coverage
1184,40.759984319310725,-111.88934462287041,240.0,1.5,coverage
1185,40.75990396365612,-111.88940421641341,240.0,1.5,coverage
1186,40.75982360797116,-111.88946380981407,240.0,1.5,coverage
1187,40.759743252255795,-111.88952340307235,240.0,1.5,coverage
1188,40.759662896510044,-111.88958299618828,240.0,1.5,coverage
1189,40.759582540733895,-111.88964258916187,240.0,1.5,coverage
1190,40.75950218492737,-111.88970218199309,240.0,1.5,coverage
1191,40.75951877917779,-111.88971877631543,60.0,1.5,coverage
1192,40.75959728525837,-111.8896605552766,60.0,1.5,coverage
1193,40.75967579130994,-111.8896023341019,60.0,1.5,coverage
1194,40.759754297332506,-111.8895441127913,60.0,1.5,coverage
1195,40.75983280332607,-111.88948589134483,60.0,1.5,coverage
1196,40.75991130929062,-111.88942766976248,60.0,1.5,coverage
1197,40.75998981522617,-111.88936944804426,60.0,1.5,coverage
1198,40.76006832113271,-111.88931122619016,60.0,1.5,coverage
1199,40.76014682701023,-111.88925300420017,60.0,1.5,coverage
1200,40.76022533285877,-111.88919478207431,60.0,1.5,coverage
1201,40.76030383867828,-111.88913655981256,60.0,1.5,coverage
1202,40.76038234446879,-111.88907833741492,60.0,1.5,coverage
1203,40.760460850230274,-111.8890201148814,60.0,1.5,coverage
1204,40.76053935596277,-111.888961892212,60.0,1.5,coverage
1205,40.76061786166624,-111.88890366940672,60.0,1.5,coverage
1206,40.76069636734072,-111.88884544646552,60.0,1.5,coverage
1207,40.760685215835224,-111.88888261834134,240.0,1.5,coverage
1208,40.76060308444091,-111.88894353018696,240.0,1.5,coverage
1209,40.76052095301485,-111.88900444188384,240.0,1.5,coverage
1210,40.76043882155704,-111.889065353432,240.0,1.5,coverage
1211,40.760356690067475,-111.88912626483143,240.0,1.5,coverage
1212,40.76027455854617,-111.88918717608215,240.0,1.5,coverage
1213,40.7601924269931,-111.88924808718413,240.0,1.5,coverage
1214,40.76011029540829,-111.88930899813741,240.0,1.5,coverage
1215,40.76002816379173,-111.88936990894194,240.0,1.5,coverage
1216,40.75994603214343,-111.88943081959776,240.0,1.5,coverage
1217,40.75986390046337,-111.88949173010487,240.0,1.5,coverage
1218,40.759781768751566,-111.88955264046324,240.0,1.5,coverage
1219,40.75969963700802,-111.88961355067292,240.0,1.5,coverage
1220,40.75961750523273,-111.88967446073384,240.0,1.5,coverage
1221,40.75953537342567,-111.88973537064608,240.0,1.5,coverage
1222,40.75955196767105,-111.88975196498501,60.0,1.5,coverage
1223,40.759632117628065,-111.88969252484985,60.0,1.5,coverage
1224,40.75971226755483,-111.88963308457308,60.0,1.5,coverage
1225,40.759792417451386,-111.88957364415465,60.0,1.5,coverage
1226,40.75987256731769,-111.88951420359462,60.0,1.5,coverage
1227,40.75995271715377,-111.88945476289295,60.0,1.5,coverage
1228,40.7600328669596,-111.88939532204967,60.0,1.5,coverage
1229,40.76011301673521,-111.88933588106472,60.0,1.5,coverage
1230,40.76019316648059,-111.88927643993817,60.0,1.5,coverage
1231,40.760273316195715,-111.88921699867,60.0,1.5,coverage
1232,40.76035346588061,-111.88915755726016,60.0,1.5,coverage
1233,40.76043361553528,-111.88909811570872,60.0,1.5,coverage
1234,40.76051376515971,-111.88903867401562,60.0,1.5,coverage
1235,40.7605939147539,-111.8889792321809,60.0,1.5,coverage
1236,40.76067406431784,-111.88891979020454,60.0,1.5,coverage
1237,40.760662912788625,-111.88895696205513,240.0,1.5,coverage
1238,40.760578732152226,-111.88901939355233,240.0,1.5,coverage
1239,40.760494551482466,-111.88908182489328,240.0,1.5,coverage
1240,40.760410370779375,-111.88914425607801,240.0,1.5,coverage
1241,40.7603261900429,-111.8892066871065,240.0,1.5,coverage
1242,40.76024200927309,-111.88926911797873,240.0,1.5,coverage
1243,40.76015782846992,-111.88933154869474,240.0,1.5,coverage
1244,40.76007364763342,-111.8893939792545,240.0,1.5,coverage
1245,40.75998946676355,-111.88945640965804,240.0,1.5,coverage
1246,40.75990528586031,-111.88951883990534,240.0,1.5,coverage
1247,40.759821104923745,-111.88958126999641,240.0,1.5,coverage
1248,40.75973692395382,-111.88964369993123,240.0,1.5,coverage
1249,40.759652742950514,-111.88970612970984,240.0,1.5,coverage
1250,40.759568561913895,-111.88976855933221,240.0,1.5,coverage
1251,40.75958515615424,-111.8897851536877,60.0,1.5,coverage
1252,40.75966720288997,-111.88972430690167,60.0,1.5,coverage
1253,40.75974924959401,-111.88966345996722,60.0,1.5,coverage
1254,40.759831296266384,-111.88960261288437,60.0,1.5,coverage
1255,40.759913342907076,-111.8895417656531,60.0,1.5,coverage
1256,40.759995389516085,-111.88948091827343,60.0,1.5,coverage
1257,40.760077436093404,-111.88942007074536,60.0,1.5,coverage
1258,40.76015948263903,-111.88935922306885,60.0,1.5,coverage
1259,40.760241529153,-111.88929837524394,60.0,1.5,coverage
1260,40.76032357563527,-111.8892375272706,60.0,1.5,coverage
1261,40.76040562208585,-111.88917667914885,60.0,1.5,coverage
1262,40.76048766850475,-111.8891158308787,60.0,1.5,coverage
1263,40.76056971489198,-111.88905498246011,60.0,1.5,coverage
1264,40.76065176124751,-111.8889941338931,60.0,1.5,coverage
1265,40.76064060969455,-111.88903130571849,240.0,1.5,coverage
1266,40.76056069762084,-111.8890905713581,240.0,1.5,coverage
1267,40.76048078551708,-111.88914983685692,240.0,1.5,coverage
1268,40.760400873383276,-111.88920910221492,240.0,1.5,coverage
1269,40.76032096121941,-111.88926836743215,240.0,1.5,coverage
1270,40.76024104902548,-111.88932763250857,240.0,1.5,coverage
1271,40.760161136801486,-111.88938689744421,240.0,1.5,coverage
1272,40.76008122454745,-111.88944616223905,240.0,1.5,coverage
1273,40.76000131226336,-111.8895054268931,240.0,1.5,coverage
1274,40.75992139994921,-111.88956469140636,240.0,1.5,coverage
1275,40.759841487604994,-111.88962395577883,240.0,1.5,coverage
1276,40.759761575230726,-111.8896832200105,240.0,1.5,coverage
1277,40.759681662826424,-111.88974248410139,240.0,1.5,coverage
1278,40.75960175039205,-111.88980174805148,240.0,1.5,coverage
1279,40.75961834462736,-111.88981834242355,60.0,1.5,coverage
1280,40.75970260426966,-111.88975585454341,60.0,1.5,coverage
1281,40.75978686387855,-111.88969336650676,60.0,1.5,coverage
1282,40.759871123454026,-111.88963087831358,60.0,1.5,coverage
1283,40.7599553829961,-111.88956838996388,60.0,1.5,coverage
1284,40.76003964250476,-111.88950590145765,60.0,1.5,coverage
1285,40.76012390198001,-111.8894434127949,60.0,1.5,coverage
1286,40.76020816142182,-111.88938092397562,60.0,1.5,coverage
1287,40.760292420830226,-111.8893184349998,60.0,1.5,coverage
1288,40.760376680205226,-111.88925594586746,60.0,1.5,coverage
1289,40.7604609395468,-111.88919345657858,60.0,1.5,coverage
1290,40.76054519885496,-111.88913096713318,60.0,1.5,coverage
1291,40.760629458129706,-111.88906847753125,60.0,1.5,coverage
1292,40.76061830655301,-111.88910564933141,240.0,1.5,coverage
1293,40.76053635941911,-111.88916642410176,240.0,1.5,coverage
1294,40.760454412253594,-111.88922719872406,240.0,1.5,coverage
1295,40.76037246505648,-111.8892879731983,240.0,1.5,coverage
1296,40.76029051782775,-111.88934874752447,240.0,1.5,coverage
1297,40.760208570567414,-111.88940952170259,240.0,1.5,coverage
1298,40.76012662327549,-111.88947029573265,240.0,1.5,coverage
1299,40.760044675951924,-111.88953106961465,240.0,1.5,coverage
1300,40.75996272859678,-111.8895918433486,240.0,1.5,coverage
1301,40.75988078121003,-111.8896526169345,240.0,1.5,coverage
1302,40.75979883379166,-111.88971339037236,240.0,1.5,coverage
1303,40.7597168863417,-111.88977416366215,240.0,1.5,coverage
1304,40.759634938860124,-111.88983493680391,240.0,1.5,coverage
1305,40.75965153309038,-111.88985153119253,60.0,1.5,coverage
1306,40.75973116841072,-111.88979247278873,60.0,1.5,coverage
1307,40.7598108037012,-111.88973341424511,60.0,1.5,coverage
1308,40.75989043896185,-111.88967435556167,60.0,1.5,coverage
1309,40.75997007419262,-111.88961529673843,60.0,1.5,coverage
1310,40.760049709393584,-111.88955623777535,60.0,1.5,coverage
1311,40.76012934456467,-111.88949717867246,60.0,1.5,coverage
1312,40.76020897970593,-111.88943811942977,60.0,1.5,coverage
1313,40.76028861481732,-111.88937906004725,60.0,1.5,coverage
1314,40.76036824989888,-111.8893200005249,60.0,1.5,coverage
1315,40.76044788495058,-111.88926094086274,60.0,1.5,coverage
1316,40.76052751997244,-111.88920188106077,60.0,1.5,coverage
1317,40.76060715496445,-111.88914282111895,60.0,1.5,coverage
1318,40.76059600336402,-111.8891799928939,240.0,1.5,coverage
1319,40.76051165116366,-111.88924255119605,240.0,1.5,coverage
1320,40.76042729892979,-111.88930510934132,240.0,1.5,coverage
1321,40.760342946662455,-111.88936766732971,240.0,1.5,coverage
1322,40.76025859436162,-111.88943022516123,240.0,1.5,coverage
1323,40.7601742420273,-111.88949278283587,240.0,1.5,coverage
1324,40.76008988965948,-111.88955534035365,240.0,1.5,coverage
1325,40.760005537258195,-111.88961789771456,240.0,1.5,coverage
1326,40.75992118482341,-111.88968045491859,240.0,1.5,coverage
1327,40.75983683235513,-111.88974301196576,240.0,1.5,coverage
1328,40.75975247985336,-111.88980556885603,240.0,1.5,coverage
1329,40.759668127318115,-111.88986812558947,240.0,1.5,coverage
1330,40.75968472154332,-111.88988471999468,60.0,1.5,coverage
1331,40.75976655171985,-111.88982403388388,60.0,1.5,coverage
1332,40.759848381864856,-111.88976334762545,60.0,1.5,coverage
1333,40.759930211978336,-111.88970266121939,60.0,1.5,coverage
1334,40.760012042060325,-111.88964197466571,60.0,1.5,coverage
1335,40.76009387211078,-111.88958128796439,60.0,1.5,coverage
1336,40.760175702129736,-111.88952060111544,60.0,1.5,coverage
1337,40.760257532117166,-111.88945991411887,60.0,1.5,coverage
1338,40.76033936207308,-111.88939922697466,60.0,1.5,coverage
1339,40.76042119199749,-111.88933853968283,60.0,1.5,coverage
1340,40.76050302189036,-111.88927785224334,60.0,1.5,coverage
1341,40.760584851751716,-111.88921716465624,60.0,1.5,coverage
1342,40.76057370012756,-111.88925433640595,240.0,1.5,coverage
1343,40.76049439260634,-111.88931315328134,240.0,1.5,coverage
1344,40.76041508505552,-111.88937197001805,240.0,1.5,coverage
1345,40.76033577747509,-111.88943078661606,240.0,1.5,coverage
1346,40.76025646986507,-111.88948960307542,240.0,1.5,coverage
1347,40.76017716222544,-111.8895484193961,240.0,1.5,coverage
1348,40.760097854556214,-111.88960723557813,240.0,1.5,coverage
1349,40.76001854685739,-111.88966605162148,240.0,1.5,coverage
1350,40.75993923912895,-111.88972486752614,240.0,1.5,coverage
1351,40.759859931370904,-111.88978368329215,240.0,1.5,coverage
1352,40.759780623583275,-111.8898424989195,240.0,1.5,coverage
1353,40.75970131576602,-111.88990131440818,240.0,1.5,coverage
1354,40.75971790998621,-111.88991790882996,60.0,1.5,coverage
1355,40.759802373987824,-111.88985526946905,60.0,1.5,coverage
1356,40.75988683795588,-111.88979262995086,60.0,1.5,coverage
1357,40.75997130189036,-111.8897299902754,60.0,1.5,coverage
1358,40.760055765791265,-111.88966735044264,60.0,1.5,coverage
1359,40.760140229658575,-111.88960471045262,60.0,1.5,coverage
1360,40.76022469349231,-111.88954207030528,60.0,1.5,coverage
1361,40.76030915729248,-111.88947943000066,60.0,1.5,coverage
1362,40.76039362105907,-111.88941678953876,60.0,1.5,coverage
1363,40.760478084792105,-111.88935414891957,60.0,1.5,coverage
1364,40.76056254849152,-111.88929150814309,60.0,1.5,coverage
1365,40.760551396843624,-111.88932867986759,240.0,1.5,coverage
1366,40.760469707720986,-111.88938926286889,240.0,1.5,coverage
1367,40.76038801856693,-111.88944984572306,240.0,1.5,coverage
1368,40.76030632938147,-111.88951042843011,240.0,1.5,coverage
1369,40.7602246401646,-111.88957101099004,240.0,1.5,coverage
1370,40.76014295091633,-111.88963159340284,240.0,1.5,coverage
1371,40.76006126163666,-111.88969217566853,240.0,1.5,coverage
1372,40.75997957232557,-111.88975275778708,240.0,1.5,coverage
1373,40.75989788298307,-111.88981333975852,240.0,1.5,coverage
1374,40.75981619360917,-111.88987392158282,240.0,1.5,coverage
1375,40.75973450420387,-111.88993450326002,240.0,1.5,coverage
1376,40.759751098418995,-111.88995109769839,60.0,1.5,coverage
1377,40.75983001322738,-111.88989257370433,60.0,1.5,coverage
1378,40.75990892800645,-111.88983404957298,60.0,1.5,coverage
1379,40.75998784275621,-111.88977552530434,60.0,1.5,coverage
1380,40.76006675747666,-111.8897170008984,60.0,1.5,coverage
1381,40.76014567216781,-111.88965847635517,60.0,1.5,coverage
1382,40.76022458682963,-111.88959995167463,60.0,1.5,coverage
1383,40.760303501462154,-111.8895414268568,60.0,1.5,coverage
1384,40.760382416065376,-111.88948290190166,60.0,1.5,coverage
1385,40.76046133063929,-111.88942437680923,60.0,1.5,coverage
1386,40.76054024518387,-111.88936585157948,60.0,1.5,coverage
1387,40.76052909351224,-111.88940302327877,240.0,1.5,coverage
1388,40.76044449354914,-111.8894657648951,240.0,1.5,coverage
1389,40.76035989355235,-111.88952850635363,240.0,1.5,coverage
1390,40.760275293521865,-111.88959124765435,240.0,1.5,coverage
1391,40.76019069345771,-111.88965398879728,240.0,1.5,coverage
1392,40.76010609335985,-111.8897167297824,240.0,1.5,coverage
1393,40.760021493228315,-111.88977947060975,240.0,1.5,coverage
1394,40.759936893063106,-111.8898422112793,240.0,1.5,coverage
1395,40.7598522928642,-111.88990495179105,240.0,1.5,coverage
1396,40.75976769263162,-111.88996769214502,240.0,1.5,coverage
1397,40.75978428684173,-111.88998428659994,60.0,1.5,coverage
1398,40.7598658041876,-111.88992383255989,60.0,1.5,coverage
1399,40.7599473215022,-111.88986337837336,60.0,1.5,coverage
1400,40.76002883878553,-111.88980292404031,60.0,1.5,coverage
1401,40.76011035603759,-111.88974246956077,60.0,1.5,coverage
1402,40.76019187325838,-111.88968201493472,60.0,1.5,coverage
1403,40.760273390447885,-111.88962156016215,60.0,1.5,coverage
1404,40.76035490760611,-111.8895611052431,60.0,1.5,coverage
1405,40.76043642473307,-111.88950065017754,60.0,1.5,coverage
1406,40.76051794182875,-111.88944019496547,60.0,1.5,coverage
1407,40.760506790133384,-111.88947736663954,240.0,1.5,coverage
1408,40.76042545936792,-111.88953768359484,240.0,1.5,coverage
1409,40.76034412857133,-111.8895980004043,240.0,1.5,coverage
1410,40.7602627977436,-111.88965831706793,240.0,1.5,coverage
1411,40.76018146688473,-111.88971863358572,240.0,1.5,coverage
1412,40.76010013599475,-111.88977894995767,240.0,1.5,coverage
1413,40.76001880507363,-111.8898392661838,240.0,1.5,coverage
1414,40.75993747412137,-111.88989958226409,240.0,1.5,coverage
1415,40.75985614313799,-111.88995989819854,240.0,1.5,coverage
